-- phpMyAdmin SQL Dump
-- version 5.2.1
-- https://www.phpmyadmin.net/
--
-- Host: 127.0.0.1
-- Generation Time: Dec 14, 2023 at 07:30 AM
-- Server version: 10.4.28-MariaDB
-- PHP Version: 8.2.4

SET SQL_MODE = "NO_AUTO_VALUE_ON_ZERO";
START TRANSACTION;
SET time_zone = "+00:00";


/*!40101 SET @OLD_CHARACTER_SET_CLIENT=@@CHARACTER_SET_CLIENT */;
/*!40101 SET @OLD_CHARACTER_SET_RESULTS=@@CHARACTER_SET_RESULTS */;
/*!40101 SET @OLD_COLLATION_CONNECTION=@@COLLATION_CONNECTION */;
/*!40101 SET NAMES utf8mb4 */;

--
-- Database: `attendancemsystem`
--

-- --------------------------------------------------------

--
-- Table structure for table `tbladmin`
--

CREATE TABLE `tbladmin` (
  `Id` int(10) NOT NULL,
  `firstName` varchar(50) NOT NULL,
  `lastName` varchar(50) NOT NULL,
  `emailAddress` varchar(50) NOT NULL,
  `pass` varchar(50) NOT NULL
) ENGINE=InnoDB DEFAULT CHARSET=utf8 COLLATE=utf8_general_ci;

--
-- Dumping data for table `tbladmin`
--

INSERT INTO `tbladmin` (`Id`, `firstName`, `lastName`, `emailAddress`, `pass`) VALUES
(1, 'Admin', '', 'admin@gmail.com', 'admin@123');

-- --------------------------------------------------------

--
-- Table structure for table `tblattendance`
--

CREATE TABLE `tblattendance` (
  `Id` int(10) NOT NULL,
  `rollNumber` varchar(255) NOT NULL,
  `branchId` int(10) NOT NULL,
  `yearId` int(10) NOT NULL,
  `sessionTermId` int(10) NOT NULL,
  `subjectId` int(10) NOT NULL,
  `status` varchar(10) NOT NULL,
  `dateTimeTaken` varchar(20) NOT NULL
) ENGINE=InnoDB DEFAULT CHARSET=utf8 COLLATE=utf8_general_ci;

--
-- Dumping data for table `tblattendance`
--

INSERT INTO `tblattendance` (`Id`, `rollNumber`, `branchId`, `yearId`, `sessionTermId`, `subjectId`, `status`, `dateTimeTaken`) VALUES
(1, '23012120012', 5, 14, 9, 5, '0', '2023-11-26'),
(2, '23012120013', 5, 14, 9, 5, '0', '2023-11-26'),
(3, '23012120014', 5, 14, 9, 5, '0', '2023-11-26'),
(4, '23012120016', 5, 14, 9, 5, '1', '2023-11-26'),
(5, '22012120001', 5, 14, 9, 5, '1', '2023-11-26'),
(6, '22012120002', 5, 14, 9, 5, '1', '2023-11-26'),
(7, '22012120003', 5, 14, 9, 5, '1', '2023-11-26'),
(8, '22012120004', 5, 14, 9, 5, '0', '2023-11-26'),
(9, '22012120005', 5, 14, 9, 5, '1', '2023-11-26'),
(10, '22012120006', 5, 14, 9, 5, '0', '2023-11-26'),
(11, '22012120007', 5, 14, 9, 5, '0', '2023-11-26'),
(12, '22012120008', 5, 14, 9, 5, '1', '2023-11-26'),
(13, '22012120009', 5, 14, 9, 5, '0', '2023-11-26'),
(14, '22012120010', 5, 14, 9, 5, '1', '2023-11-26'),
(15, '22012120011', 5, 14, 9, 5, '0', '2023-11-26'),
(16, '22012120012', 5, 14, 9, 5, '0', '2023-11-26'),
(17, '22012120013', 5, 14, 9, 5, '0', '2023-11-26'),
(18, '22012120014', 5, 14, 9, 5, '1', '2023-11-26'),
(19, '22012120015', 5, 14, 9, 5, '0', '2023-11-26'),
(20, '22012120016', 5, 14, 9, 5, '0', '2023-11-26'),
(21, '22012120017', 5, 14, 9, 5, '0', '2023-11-26'),
(22, '22012120018', 5, 14, 9, 5, '0', '2023-11-26'),
(23, '22012120019', 5, 14, 9, 5, '0', '2023-11-26'),
(24, '22012120020', 5, 14, 9, 5, '1', '2023-11-26'),
(25, '22012120021', 5, 14, 9, 5, '0', '2023-11-26'),
(26, '22012120022', 5, 14, 9, 5, '0', '2023-11-26'),
(27, '22012120023', 5, 14, 9, 5, '0', '2023-11-26'),
(28, '22012120024', 5, 14, 9, 5, '1', '2023-11-26'),
(29, '22012120025', 5, 14, 9, 5, '0', '2023-11-26'),
(30, '22012120026', 5, 14, 9, 5, '1', '2023-11-26'),
(31, '22012120027', 5, 14, 9, 5, '0', '2023-11-26'),
(32, '22012120028', 5, 14, 9, 5, '0', '2023-11-26'),
(33, '22012120029', 5, 14, 9, 5, '1', '2023-11-26'),
(34, '22012120030', 5, 14, 9, 5, '1', '2023-11-26'),
(35, '22012120034', 5, 14, 9, 5, '0', '2023-11-26'),
(36, '23012120012', 5, 14, 9, 5, '1', '2023-11-27'),
(37, '23012120013', 5, 14, 9, 5, '1', '2023-11-27'),
(38, '23012120014', 5, 14, 9, 5, '1', '2023-11-27'),
(39, '23012120016', 5, 14, 9, 5, '1', '2023-11-27'),
(40, '22012120001', 5, 14, 9, 5, '1', '2023-11-27'),
(41, '22012120002', 5, 14, 9, 5, '1', '2023-11-27'),
(42, '22012120003', 5, 14, 9, 5, '1', '2023-11-27'),
(43, '22012120004', 5, 14, 9, 5, '1', '2023-11-27'),
(44, '22012120005', 5, 14, 9, 5, '1', '2023-11-27'),
(45, '22012120006', 5, 14, 9, 5, '1', '2023-11-27'),
(46, '22012120007', 5, 14, 9, 5, '1', '2023-11-27'),
(47, '22012120008', 5, 14, 9, 5, '1', '2023-11-27'),
(48, '22012120009', 5, 14, 9, 5, '1', '2023-11-27'),
(49, '22012120010', 5, 14, 9, 5, '1', '2023-11-27'),
(50, '22012120011', 5, 14, 9, 5, '1', '2023-11-27'),
(51, '22012120012', 5, 14, 9, 5, '1', '2023-11-27'),
(52, '22012120013', 5, 14, 9, 5, '1', '2023-11-27'),
(53, '22012120014', 5, 14, 9, 5, '0', '2023-11-27'),
(54, '22012120015', 5, 14, 9, 5, '1', '2023-11-27'),
(55, '22012120016', 5, 14, 9, 5, '0', '2023-11-27'),
(56, '22012120017', 5, 14, 9, 5, '1', '2023-11-27'),
(57, '22012120018', 5, 14, 9, 5, '1', '2023-11-27'),
(58, '22012120019', 5, 14, 9, 5, '1', '2023-11-27'),
(59, '22012120020', 5, 14, 9, 5, '1', '2023-11-27'),
(60, '22012120021', 5, 14, 9, 5, '1', '2023-11-27'),
(61, '22012120022', 5, 14, 9, 5, '1', '2023-11-27'),
(62, '22012120023', 5, 14, 9, 5, '1', '2023-11-27'),
(63, '22012120024', 5, 14, 9, 5, '1', '2023-11-27'),
(64, '22012120025', 5, 14, 9, 5, '1', '2023-11-27'),
(65, '22012120026', 5, 14, 9, 5, '1', '2023-11-27'),
(66, '22012120027', 5, 14, 9, 5, '1', '2023-11-27'),
(67, '22012120028', 5, 14, 9, 5, '1', '2023-11-27'),
(68, '22012120029', 5, 14, 9, 5, '1', '2023-11-27'),
(69, '22012120030', 5, 14, 9, 5, '1', '2023-11-27'),
(70, '22012120034', 5, 14, 9, 5, '1', '2023-11-27'),
(71, '21012120001', 5, 15, 8, 4, '1', '2023-11-27'),
(72, '21012120002', 5, 15, 8, 4, '1', '2023-11-27'),
(73, '21012120003', 5, 15, 8, 4, '1', '2023-11-27'),
(74, '21012120004', 5, 15, 8, 4, '1', '2023-11-27'),
(75, '21012120005', 5, 15, 8, 4, '1', '2023-11-27'),
(76, '21012120006', 5, 15, 8, 4, '1', '2023-11-27'),
(77, '21012120007', 5, 15, 8, 4, '1', '2023-11-27'),
(78, '21012120008', 5, 15, 8, 4, '1', '2023-11-27'),
(79, '21012120009', 5, 15, 8, 4, '1', '2023-11-27'),
(80, '21012120010', 5, 15, 8, 4, '1', '2023-11-27'),
(81, '21012120011', 5, 15, 8, 4, '1', '2023-11-27'),
(82, '21012120012', 5, 15, 8, 4, '1', '2023-11-27'),
(83, '21012120013', 5, 15, 8, 4, '0', '2023-11-27'),
(84, '21012120014', 5, 15, 8, 4, '0', '2023-11-27'),
(85, '21012120015', 5, 15, 8, 4, '0', '2023-11-27'),
(86, '21012120016', 5, 15, 8, 4, '0', '2023-11-27'),
(87, '21012120017', 5, 15, 8, 4, '0', '2023-11-27'),
(88, '21012120018', 5, 15, 8, 4, '1', '2023-11-27'),
(89, '21012120019', 5, 15, 8, 4, '0', '2023-11-27'),
(90, '21012120020', 5, 15, 8, 4, '1', '2023-11-27'),
(91, '21012120021', 5, 15, 8, 4, '1', '2023-11-27'),
(92, '21012120022', 5, 15, 8, 4, '1', '2023-11-27'),
(93, '21012120023', 5, 15, 8, 4, '0', '2023-11-27'),
(94, '21012120024', 5, 15, 8, 4, '0', '2023-11-27'),
(95, '21012120025', 5, 15, 8, 4, '1', '2023-11-27'),
(96, '21012120026', 5, 15, 8, 4, '1', '2023-11-27'),
(97, '21012120027', 5, 15, 8, 4, '1', '2023-11-27'),
(98, '21012120028', 5, 15, 8, 4, '1', '2023-11-27'),
(99, '23012120012', 5, 14, 9, 8, '1', '2023-11-27'),
(100, '23012120013', 5, 14, 9, 8, '1', '2023-11-27'),
(101, '23012120014', 5, 14, 9, 8, '1', '2023-11-27'),
(102, '23012120016', 5, 14, 9, 8, '1', '2023-11-27'),
(103, '22012120001', 5, 14, 9, 8, '1', '2023-11-27'),
(104, '22012120002', 5, 14, 9, 8, '1', '2023-11-27'),
(105, '22012120003', 5, 14, 9, 8, '1', '2023-11-27'),
(106, '22012120004', 5, 14, 9, 8, '0', '2023-11-27'),
(107, '22012120005', 5, 14, 9, 8, '1', '2023-11-27'),
(108, '22012120006', 5, 14, 9, 8, '1', '2023-11-27'),
(109, '22012120007', 5, 14, 9, 8, '1', '2023-11-27'),
(110, '22012120008', 5, 14, 9, 8, '0', '2023-11-27'),
(111, '22012120009', 5, 14, 9, 8, '0', '2023-11-27'),
(112, '22012120010', 5, 14, 9, 8, '1', '2023-11-27'),
(113, '22012120011', 5, 14, 9, 8, '0', '2023-11-27'),
(114, '22012120012', 5, 14, 9, 8, '1', '2023-11-27'),
(115, '22012120013', 5, 14, 9, 8, '1', '2023-11-27'),
(116, '22012120014', 5, 14, 9, 8, '0', '2023-11-27'),
(117, '22012120015', 5, 14, 9, 8, '1', '2023-11-27'),
(118, '22012120016', 5, 14, 9, 8, '1', '2023-11-27'),
(119, '22012120017', 5, 14, 9, 8, '1', '2023-11-27'),
(120, '22012120018', 5, 14, 9, 8, '1', '2023-11-27'),
(121, '22012120019', 5, 14, 9, 8, '0', '2023-11-27'),
(122, '22012120020', 5, 14, 9, 8, '1', '2023-11-27'),
(123, '22012120021', 5, 14, 9, 8, '1', '2023-11-27'),
(124, '22012120022', 5, 14, 9, 8, '0', '2023-11-27'),
(125, '22012120023', 5, 14, 9, 8, '1', '2023-11-27'),
(126, '22012120024', 5, 14, 9, 8, '1', '2023-11-27'),
(127, '22012120025', 5, 14, 9, 8, '1', '2023-11-27'),
(128, '22012120026', 5, 14, 9, 8, '0', '2023-11-27'),
(129, '22012120027', 5, 14, 9, 8, '1', '2023-11-27'),
(130, '22012120028', 5, 14, 9, 8, '1', '2023-11-27'),
(131, '22012120029', 5, 14, 9, 8, '0', '2023-11-27'),
(132, '22012120030', 5, 14, 9, 8, '0', '2023-11-27'),
(133, '22012120034', 5, 14, 9, 8, '1', '2023-11-27'),
(134, '23012120012', 5, 14, 9, 9, '0', '2023-11-27'),
(135, '23012120013', 5, 14, 9, 9, '0', '2023-11-27'),
(136, '23012120014', 5, 14, 9, 9, '1', '2023-11-27'),
(137, '23012120016', 5, 14, 9, 9, '0', '2023-11-27'),
(138, '22012120001', 5, 14, 9, 9, '1', '2023-11-27'),
(139, '22012120002', 5, 14, 9, 9, '1', '2023-11-27'),
(140, '22012120003', 5, 14, 9, 9, '1', '2023-11-27'),
(141, '22012120004', 5, 14, 9, 9, '1', '2023-11-27'),
(142, '22012120005', 5, 14, 9, 9, '1', '2023-11-27'),
(143, '22012120006', 5, 14, 9, 9, '1', '2023-11-27'),
(144, '22012120007', 5, 14, 9, 9, '1', '2023-11-27'),
(145, '22012120008', 5, 14, 9, 9, '0', '2023-11-27'),
(146, '22012120009', 5, 14, 9, 9, '1', '2023-11-27'),
(147, '22012120010', 5, 14, 9, 9, '1', '2023-11-27'),
(148, '22012120011', 5, 14, 9, 9, '1', '2023-11-27'),
(149, '22012120012', 5, 14, 9, 9, '0', '2023-11-27'),
(150, '22012120013', 5, 14, 9, 9, '1', '2023-11-27'),
(151, '22012120014', 5, 14, 9, 9, '0', '2023-11-27'),
(152, '22012120015', 5, 14, 9, 9, '1', '2023-11-27'),
(153, '22012120016', 5, 14, 9, 9, '0', '2023-11-27'),
(154, '22012120017', 5, 14, 9, 9, '1', '2023-11-27'),
(155, '22012120018', 5, 14, 9, 9, '0', '2023-11-27'),
(156, '22012120019', 5, 14, 9, 9, '1', '2023-11-27'),
(157, '22012120020', 5, 14, 9, 9, '0', '2023-11-27'),
(158, '22012120021', 5, 14, 9, 9, '1', '2023-11-27'),
(159, '22012120022', 5, 14, 9, 9, '1', '2023-11-27'),
(160, '22012120023', 5, 14, 9, 9, '1', '2023-11-27'),
(161, '22012120024', 5, 14, 9, 9, '0', '2023-11-27'),
(162, '22012120025', 5, 14, 9, 9, '0', '2023-11-27'),
(163, '22012120026', 5, 14, 9, 9, '1', '2023-11-27'),
(164, '22012120027', 5, 14, 9, 9, '1', '2023-11-27'),
(165, '22012120028', 5, 14, 9, 9, '0', '2023-11-27'),
(166, '22012120029', 5, 14, 9, 9, '1', '2023-11-27'),
(167, '22012120030', 5, 14, 9, 9, '0', '2023-11-27'),
(168, '22012120034', 5, 14, 9, 9, '0', '2023-11-27'),
(169, '23012120012', 5, 14, 9, 5, '0', '2023-11-30'),
(170, '23012120013', 5, 14, 9, 5, '1', '2023-11-30'),
(171, '23012120014', 5, 14, 9, 5, '0', '2023-11-30'),
(172, '23012120016', 5, 14, 9, 5, '0', '2023-11-30'),
(173, '22012120001', 5, 14, 9, 5, '1', '2023-11-30'),
(174, '22012120002', 5, 14, 9, 5, '1', '2023-11-30'),
(175, '22012120003', 5, 14, 9, 5, '0', '2023-11-30'),
(176, '22012120004', 5, 14, 9, 5, '1', '2023-11-30'),
(177, '22012120005', 5, 14, 9, 5, '0', '2023-11-30'),
(178, '22012120006', 5, 14, 9, 5, '1', '2023-11-30'),
(179, '22012120007', 5, 14, 9, 5, '0', '2023-11-30'),
(180, '22012120008', 5, 14, 9, 5, '0', '2023-11-30'),
(181, '22012120009', 5, 14, 9, 5, '0', '2023-11-30'),
(182, '22012120010', 5, 14, 9, 5, '0', '2023-11-30'),
(183, '22012120011', 5, 14, 9, 5, '0', '2023-11-30'),
(184, '22012120012', 5, 14, 9, 5, '0', '2023-11-30'),
(185, '22012120013', 5, 14, 9, 5, '0', '2023-11-30'),
(186, '22012120014', 5, 14, 9, 5, '0', '2023-11-30'),
(187, '22012120015', 5, 14, 9, 5, '1', '2023-11-30'),
(188, '22012120016', 5, 14, 9, 5, '1', '2023-11-30'),
(189, '22012120017', 5, 14, 9, 5, '0', '2023-11-30'),
(190, '22012120018', 5, 14, 9, 5, '1', '2023-11-30'),
(191, '22012120019', 5, 14, 9, 5, '1', '2023-11-30'),
(192, '22012120020', 5, 14, 9, 5, '0', '2023-11-30'),
(193, '22012120021', 5, 14, 9, 5, '0', '2023-11-30'),
(194, '22012120022', 5, 14, 9, 5, '0', '2023-11-30'),
(195, '22012120023', 5, 14, 9, 5, '0', '2023-11-30'),
(196, '22012120024', 5, 14, 9, 5, '0', '2023-11-30'),
(197, '22012120025', 5, 14, 9, 5, '0', '2023-11-30'),
(198, '22012120026', 5, 14, 9, 5, '0', '2023-11-30'),
(199, '22012120027', 5, 14, 9, 5, '0', '2023-11-30'),
(200, '22012120028', 5, 14, 9, 5, '1', '2023-11-30'),
(201, '22012120029', 5, 14, 9, 5, '1', '2023-11-30'),
(202, '22012120030', 5, 14, 9, 5, '1', '2023-11-30'),
(203, '22012120034', 5, 14, 9, 5, '0', '2023-11-30'),
(204, '23012120012', 5, 14, 9, 5, '0', '2023-12-01'),
(205, '23012120013', 5, 14, 9, 5, '0', '2023-12-01'),
(206, '23012120014', 5, 14, 9, 5, '1', '2023-12-01'),
(207, '23012120016', 5, 14, 9, 5, '1', '2023-12-01'),
(208, '22012120001', 5, 14, 9, 5, '1', '2023-12-01'),
(209, '22012120002', 5, 14, 9, 5, '1', '2023-12-01'),
(210, '22012120003', 5, 14, 9, 5, '0', '2023-12-01'),
(211, '22012120004', 5, 14, 9, 5, '1', '2023-12-01'),
(212, '22012120005', 5, 14, 9, 5, '0', '2023-12-01'),
(213, '22012120006', 5, 14, 9, 5, '0', '2023-12-01'),
(214, '22012120007', 5, 14, 9, 5, '1', '2023-12-01'),
(215, '22012120008', 5, 14, 9, 5, '0', '2023-12-01'),
(216, '22012120009', 5, 14, 9, 5, '1', '2023-12-01'),
(217, '22012120010', 5, 14, 9, 5, '0', '2023-12-01'),
(218, '22012120011', 5, 14, 9, 5, '1', '2023-12-01'),
(219, '22012120012', 5, 14, 9, 5, '0', '2023-12-01'),
(220, '22012120013', 5, 14, 9, 5, '1', '2023-12-01'),
(221, '22012120014', 5, 14, 9, 5, '1', '2023-12-01'),
(222, '22012120015', 5, 14, 9, 5, '1', '2023-12-01'),
(223, '22012120016', 5, 14, 9, 5, '1', '2023-12-01'),
(224, '22012120017', 5, 14, 9, 5, '0', '2023-12-01'),
(225, '22012120018', 5, 14, 9, 5, '1', '2023-12-01'),
(226, '22012120019', 5, 14, 9, 5, '0', '2023-12-01'),
(227, '22012120020', 5, 14, 9, 5, '0', '2023-12-01'),
(228, '22012120021', 5, 14, 9, 5, '1', '2023-12-01'),
(229, '22012120022', 5, 14, 9, 5, '0', '2023-12-01'),
(230, '22012120023', 5, 14, 9, 5, '1', '2023-12-01'),
(231, '22012120024', 5, 14, 9, 5, '0', '2023-12-01'),
(232, '22012120025', 5, 14, 9, 5, '1', '2023-12-01'),
(233, '22012120026', 5, 14, 9, 5, '0', '2023-12-01'),
(234, '22012120027', 5, 14, 9, 5, '1', '2023-12-01'),
(235, '22012120028', 5, 14, 9, 5, '0', '2023-12-01'),
(236, '22012120029', 5, 14, 9, 5, '1', '2023-12-01'),
(237, '22012120030', 5, 14, 9, 5, '1', '2023-12-01'),
(238, '22012120034', 5, 14, 9, 5, '0', '2023-12-01'),
(239, '21012120001', 5, 15, 8, 4, '1', '2023-12-04'),
(240, '21012120002', 5, 15, 8, 4, '1', '2023-12-04'),
(241, '21012120003', 5, 15, 8, 4, '1', '2023-12-04'),
(242, '21012120004', 5, 15, 8, 4, '1', '2023-12-04'),
(243, '21012120005', 5, 15, 8, 4, '1', '2023-12-04'),
(244, '21012120006', 5, 15, 8, 4, '1', '2023-12-04'),
(245, '21012120007', 5, 15, 8, 4, '1', '2023-12-04'),
(246, '21012120008', 5, 15, 8, 4, '0', '2023-12-04'),
(247, '21012120009', 5, 15, 8, 4, '1', '2023-12-04'),
(248, '21012120010', 5, 15, 8, 4, '1', '2023-12-04'),
(249, '21012120011', 5, 15, 8, 4, '1', '2023-12-04'),
(250, '21012120012', 5, 15, 8, 4, '1', '2023-12-04'),
(251, '21012120013', 5, 15, 8, 4, '1', '2023-12-04'),
(252, '21012120014', 5, 15, 8, 4, '1', '2023-12-04'),
(253, '21012120015', 5, 15, 8, 4, '1', '2023-12-04'),
(254, '21012120016', 5, 15, 8, 4, '1', '2023-12-04'),
(255, '21012120017', 5, 15, 8, 4, '0', '2023-12-04'),
(256, '21012120018', 5, 15, 8, 4, '1', '2023-12-04'),
(257, '21012120019', 5, 15, 8, 4, '0', '2023-12-04'),
(258, '21012120020', 5, 15, 8, 4, '1', '2023-12-04'),
(259, '21012120021', 5, 15, 8, 4, '1', '2023-12-04'),
(260, '21012120022', 5, 15, 8, 4, '1', '2023-12-04'),
(261, '21012120023', 5, 15, 8, 4, '1', '2023-12-04'),
(262, '21012120024', 5, 15, 8, 4, '0', '2023-12-04'),
(263, '21012120025', 5, 15, 8, 4, '1', '2023-12-04'),
(264, '21012120026', 5, 15, 8, 4, '1', '2023-12-04'),
(265, '21012120027', 5, 15, 8, 4, '1', '2023-12-04'),
(266, '21012120028', 5, 15, 8, 4, '1', '2023-12-04'),
(267, '21012120001', 5, 15, 8, 4, '1', '2023-12-12'),
(268, '21012120002', 5, 15, 8, 4, '0', '2023-12-12'),
(269, '21012120003', 5, 15, 8, 4, '1', '2023-12-12'),
(270, '21012120004', 5, 15, 8, 4, '1', '2023-12-12'),
(271, '21012120005', 5, 15, 8, 4, '1', '2023-12-12'),
(272, '21012120006', 5, 15, 8, 4, '1', '2023-12-12'),
(273, '21012120007', 5, 15, 8, 4, '1', '2023-12-12'),
(274, '21012120008', 5, 15, 8, 4, '0', '2023-12-12'),
(275, '21012120009', 5, 15, 8, 4, '1', '2023-12-12'),
(276, '21012120010', 5, 15, 8, 4, '1', '2023-12-12'),
(277, '21012120011', 5, 15, 8, 4, '1', '2023-12-12'),
(278, '21012120012', 5, 15, 8, 4, '0', '2023-12-12'),
(279, '21012120013', 5, 15, 8, 4, '1', '2023-12-12'),
(280, '21012120014', 5, 15, 8, 4, '0', '2023-12-12'),
(281, '21012120015', 5, 15, 8, 4, '1', '2023-12-12'),
(282, '21012120016', 5, 15, 8, 4, '1', '2023-12-12'),
(283, '21012120017', 5, 15, 8, 4, '1', '2023-12-12'),
(284, '21012120018', 5, 15, 8, 4, '1', '2023-12-12'),
(285, '21012120019', 5, 15, 8, 4, '0', '2023-12-12'),
(286, '21012120020', 5, 15, 8, 4, '1', '2023-12-12'),
(287, '21012120021', 5, 15, 8, 4, '1', '2023-12-12'),
(288, '21012120022', 5, 15, 8, 4, '0', '2023-12-12'),
(289, '21012120023', 5, 15, 8, 4, '1', '2023-12-12'),
(290, '21012120024', 5, 15, 8, 4, '1', '2023-12-12'),
(291, '21012120025', 5, 15, 8, 4, '1', '2023-12-12'),
(292, '21012120026', 5, 15, 8, 4, '1', '2023-12-12'),
(293, '21012120027', 5, 15, 8, 4, '0', '2023-12-12'),
(294, '21012120028', 5, 15, 8, 4, '1', '2023-12-12');

-- --------------------------------------------------------

--
-- Table structure for table `tblbranch`
--

CREATE TABLE `tblbranch` (
  `Id` int(10) NOT NULL,
  `branchName` varchar(255) NOT NULL
) ENGINE=InnoDB DEFAULT CHARSET=utf8 COLLATE=utf8_general_ci;

--
-- Dumping data for table `tblbranch`
--

INSERT INTO `tblbranch` (`Id`, `branchName`) VALUES
(1, 'Civil'),
(2, 'Electrical'),
(3, 'Electronics'),
(4, 'Gaming & Animation'),
(5, 'Information Technology'),
(6, 'Mechanical'),
(7, 'Pharmacy ');

-- --------------------------------------------------------

--
-- Table structure for table `tblclassteacher`
--

CREATE TABLE `tblclassteacher` (
  `Id` int(10) NOT NULL,
  `firstName` varchar(255) NOT NULL,
  `lastName` varchar(255) NOT NULL,
  `emailAddress` varchar(255) NOT NULL,
  `pass` varchar(255) NOT NULL,
  `phoneNo` varchar(50) NOT NULL,
  `branchId` int(10) NOT NULL,
  `yearId` int(10) NOT NULL,
  `dateCreated` varchar(50) NOT NULL
) ENGINE=InnoDB DEFAULT CHARSET=utf8 COLLATE=utf8_general_ci;

--
-- Dumping data for table `tblclassteacher`
--

INSERT INTO `tblclassteacher` (`Id`, `firstName`, `lastName`, `emailAddress`, `pass`, `phoneNo`, `branchId`, `yearId`, `dateCreated`) VALUES
(1, 'Mr. Dinesh', 'Kanjulia', 'dinesh.kanjulia@gmail.com', 'Dinesh@123', '7445907219', 3, 9, '2023-11-14'),
(2, 'Mr. Brijesh', 'Pandey', 'brijesh.pandey@gmail.com', 'Brijesh@123', '8430768379', 2, 5, '2023-11-14'),
(3, 'Mr. Piyush', 'Kala', 'piyush.kala@gmail.com', 'Piyush@123', '8393724287', 5, 15, '2023-11-14'),
(4, 'Mr Tarun', 'Arora', 'tarun.arora@gmail.com', 'Tarun@123', '8334211396', 4, 10, '2023-12-02'),
(5, 'Mr. Harish', 'Chand', 'harish.chand@gmail.com', 'Harish@123', '8675376986', 2, 6, '2023-11-14'),
(6, 'Mr. Vijendra', 'Singh Pal', 'vijendra.singh.pal@gmail.com', 'Vijendra@123', '8636782728', 1, 2, '2023-11-14'),
(7, 'Mrs. Rita', 'Rawat', 'rita.rawat@gmail.com', 'Rita@123', '8201415950', 6, 17, '2023-11-14'),
(8, 'Mrs. Sunaina', 'Rani', 'sunaina.rani@gmail.com', 'Sunaina@123', '8082267027', 7, 19, '2023-11-14'),
(9, 'Mrs. Suman', 'Bampal', 'Suman.Bampal@gmail.com', 'Suman@123', '7560565684', 7, 20, '2023-11-14'),
(10, 'Mrs. Shilpa', '', 'shilpa@gmail.com', 'Shilpa@123', '8435690127', 7, 19, '2023-11-14'),
(11, 'Mrs. Priya', 'Dangwal', 'Priya.Dangwal@gmail.com', 'Priya@123', '8504146195', 7, 20, '2023-11-14'),
(12, 'Mr. Ashutosh', 'Puri', 'Ashutosh.Puri@gmail.com', 'Ashutosh@123', '7025116061', 5, 1, '2023-11-14'),
(13, 'Mrs. Ambika', 'Chalwan', 'Ambika.Chalwan@gmail.com', 'Ambika@123', '8608677465', 3, 8, '2023-11-14'),
(14, 'Mr. Saurabh', 'Kumar', 'Saurabh.Kumar@gmail.com', 'Saurabh@123', '8786607500', 3, 9, '2023-11-14'),
(15, 'Mrs. Gayatri', 'Phonia', 'Gayatri.Phonia@gmail.com', 'Gayatri@123', '8237330925', 3, 8, '2023-11-14'),
(16, 'Mr. Manish', 'Negi', 'Manish.Negi@gmail.com', 'Manish@123', '7119612998', 5, 14, '2023-11-14'),
(17, 'Mr. Kuldeep', 'Kumar', 'Kuldeep.Kumar@gmail.com', 'Kuldeep@123', '8407566845', 5, 15, '2023-11-14'),
(18, 'Mrs. Sonika', 'Vikas Kumar', 'sonika.vikas.kumar@gmail.com', 'Sonika@123', '7431079548', 5, 14, '2023-11-14'),
(19, 'Mrs. Renu', 'Dabral', 'Renu.Dabral@gmail.com', 'Renu@123', '7257357432', 2, 1, '14-11-2023'),
(21, 'Mrs. Ankita', 'Devi', 'Ankita.Devi@gmail.com', 'Ankita@123', '7092509558', 1, 1, '2023-11-14'),
(22, 'Mrs. Preeti', 'Rana', 'Preeti.Rana@gmail.com', 'Preeti@123', '8029528486', 2, 6, '2023-11-14'),
(24, 'Mr. Dinesh', 'Kumar Sharma', 'dinesh.kumar.sharma@gmail.com', 'Dinesh@123', '8498747709', 2, 1, '2023-11-14'),
(25, 'Mr. Dinesh', 'Joshi', 'Dinesh.Joshi@gmail.com', 'Dinesh@123', '7314616729', 2, 1, '2023-11-14'),
(26, 'Mr. Balwan', 'Singh', 'Balwan.Singh@gmail.com', 'Balwan@123', '8908518235', 3, 1, '2023-11-14'),
(27, 'Mrs. Shashi', 'Notiyal Panuli', 'shashi.notiyal.panuli@gmail.com', 'Shashi@123', '7850688980', 1, 1, '2023-11-14'),
(29, 'Mr. Ajay', 'Kumar Singh', 'ajay.kumar.singh@gmail.com', 'Ajay@123', '7227231113', 5, 1, '2023-11-14'),
(30, 'Mr. Asharam', 'Joshi', 'Asharam.Joshi@gmail.com', 'Asharam@123', '8616716370', 7, 1, '2023-11-14');

-- --------------------------------------------------------

--
-- Table structure for table `tblsessionterm`
--

CREATE TABLE `tblsessionterm` (
  `Id` int(10) NOT NULL,
  `sessionName` varchar(50) NOT NULL,
  `branchId` int(50) NOT NULL,
  `yearId` int(50) NOT NULL,
  `termId` int(50) NOT NULL,
  `isAdActive` varchar(10) NOT NULL,
  `isCtActive` varchar(10) NOT NULL,
  `dateCreated` varchar(50) NOT NULL
) ENGINE=InnoDB DEFAULT CHARSET=utf8 COLLATE=utf8_general_ci;

--
-- Dumping data for table `tblsessionterm`
--

INSERT INTO `tblsessionterm` (`Id`, `sessionName`, `branchId`, `yearId`, `termId`, `isAdActive`, `isCtActive`, `dateCreated`) VALUES
(1, '2023-2024', 1, 1, 1, '1', '0', '2023-11-17'),
(2, '2023-2024', 1, 2, 3, '1', '0', '2023-11-17'),
(3, '2023-2024', 2, 4, 7, '1', '1', '2023-11-17'),
(4, '2023-2024', 3, 7, 13, '1', '0', '2023-11-17'),
(5, '2023-2024', 4, 10, 19, '1', '0', '2023-11-17'),
(6, '2023-2024', 4, 11, 21, '1', '1', '2023-11-17'),
(7, '2023-2024', 6, 16, 31, '1', '0', '2023-11-17'),
(8, '2023-2024', 5, 15, 29, '1', '1', '2023-11-17'),
(9, '2023-2024', 5, 14, 27, '1', '0', '2023-11-17'),
(11, '2023-2024', 3, 8, 15, '1', '0', '2023-11-17'),
(12, '2023-2024', 2, 6, 11, '1', '1', '2023-11-17'),
(13, '2023-2024', 5, 13, 25, '1', '0', '2023-11-17'),
(14, '2023-2024', 2, 5, 9, '1', '0', '2023-11-17'),
(15, '2023-2024', 3, 9, 17, '1', '1', '2023-11-18'),
(16, '2023-2024', 6, 16, 31, '1', '1', '2023-11-18'),
(17, '2023-2024', 6, 17, 33, '1', '0', '2023-11-18'),
(18, '2023-2024', 6, 18, 35, '1', '0', '2023-11-18'),
(19, '2023-2024', 7, 19, 37, '1', '1', '2023-11-18'),
(20, '2023-2024', 7, 20, 38, '1', '0', '2023-11-18');

-- --------------------------------------------------------

--
-- Table structure for table `tblstudentregister`
--

CREATE TABLE `tblstudentregister` (
  `Id` int(10) NOT NULL,
  `studentId` int(10) NOT NULL,
  `phoneNo` varchar(50) CHARACTER SET utf8 COLLATE utf8_general_ci NOT NULL,
  `emailAddress` varchar(255) CHARACTER SET utf8 COLLATE utf8_general_ci NOT NULL,
  `pass` varchar(255) CHARACTER SET utf8 COLLATE utf8_general_ci NOT NULL,
  `dateCreated` varchar(50) CHARACTER SET utf8 COLLATE utf8_general_ci NOT NULL
) ENGINE=InnoDB DEFAULT CHARSET=utf8mb4 COLLATE=utf8mb4_general_ci;

--
-- Dumping data for table `tblstudentregister`
--

INSERT INTO `tblstudentregister` (`Id`, `studentId`, `phoneNo`, `emailAddress`, `pass`, `dateCreated`) VALUES
(9, 342, '8077891205', 'ak947314@gmail.com', 'Ak659097122,.', '2023-12-02'),
(10, 361, '6756746554', 'suraj@gmail.com', 'Suraj@123', '2023-12-14');

-- --------------------------------------------------------

--
-- Table structure for table `tblstudents`
--

CREATE TABLE `tblstudents` (
  `Id` int(10) NOT NULL,
  `firstName` varchar(255) NOT NULL,
  `lastName` varchar(255) NOT NULL,
  `phoneNo` varchar(255) NOT NULL,
  `rollNumber` varchar(255) NOT NULL,
  `branchId` int(10) NOT NULL,
  `yearId` int(10) NOT NULL,
  `sessionTermId` int(10) NOT NULL,
  `dateOfBirth` varchar(50) NOT NULL,
  `dateCreated` varchar(50) NOT NULL
) ENGINE=InnoDB DEFAULT CHARSET=utf8 COLLATE=utf8_general_ci;

--
-- Dumping data for table `tblstudents`
--

INSERT INTO `tblstudents` (`Id`, `firstName`, `lastName`, `phoneNo`, `rollNumber`, `branchId`, `yearId`, `sessionTermId`, `dateOfBirth`, `dateCreated`) VALUES
(1, 'SHIVAM', 'KULIYAL', '9084356743', '2311202319', 2, 4, 3, '2004-07-01', '2023-08-28'),
(2, 'HIMANSHU', '', '9027041284', '2311102272', 2, 4, 3, '2006-06-25', '2023-08-28'),
(3, 'KARTIK', 'CHOUDHARY', '9012568284', '2311101111', 2, 4, 3, '2008-05-05', '2023-08-28'),
(4, 'VANSHDEEP', 'LOHAN', '8923892767', '2312132313', 2, 4, 3, '2005-02-15', '2023-08-28'),
(5, 'SANJAY', 'SINGH', '7505596157', '2311301011', 2, 4, 3, '2007-08-18', '2023-08-03'),
(6, 'SHUBHAM', '', '8650442226', '2311301093', 2, 4, 3, '2006-01-10', '2023-07-21'),
(7, 'MANDEEP', 'SINGH', '6396038632', '2311301036', 2, 4, 3, '2006-03-12', '2023-08-19'),
(8, 'ABHIJEET', 'SINGH', '7037139115', '2311301064', 2, 4, 3, '2006-09-08', '2023-08-19'),
(9, 'MANSI', 'BISHT', '8791782060', '2311201072', 2, 4, 3, '2005-05-05', '2023-08-17'),
(10, 'TUSHAR', 'KUMAR', '9927029318', '2314131343', 2, 4, 3, '2002-10-20', '2023-08-16'),
(11, 'DIVYANSHU', 'BAMRARA', '7060199490', '2311203106', 2, 4, 3, '2006-03-23', '2023-08-16'),
(12, 'ANISH', '', '7900609895', '2311203329', 2, 4, 3, '2006-01-01', '2023-07-21'),
(13, 'AMAN', 'PAL', '9012644176', '2311203188', 2, 4, 3, '2005-05-01', '2023-07-18'),
(14, 'ANSH', 'UPADHYAY', '9758216308', '2311103096', 2, 4, 3, '2004-05-27', '2023-08-02'),
(15, 'ABHIJEET', 'SINGH', '9548862428', '2311101603', 2, 4, 3, '2005-08-25', '2023-07-20'),
(16, 'ABHISHEK', 'SAINI', '8958375638', '2311101582', 2, 4, 3, '2007-11-14', '2023-07-21'),
(17, 'SHIVANI', 'BHATT', '7037580307', '2311202254', 2, 4, 3, '2005-08-07', '2023-08-02'),
(18, 'VISHAL', 'KUMAR', '9917276370', '2311102301', 2, 4, 3, '2004-05-04', '2004-05-04'),
(19, 'SHUBHAM', 'PAL', '7409407180', '2311102127', 2, 4, 3, '2001-04-19', '2023-08-16'),
(20, 'ASHOK', 'SINGH', '7017666581', '2311301200', 2, 4, 3, '2023-07-20', '2023-08-16'),
(21, 'HAPPY', 'PAL', '9389350668', '2311101183', 2, 4, 3, '2004-09-15', '2023-08-16'),
(22, 'VISHAL', 'CHAUDHARY', '8266939107', '2311102336', 2, 4, 3, '2006-06-09', '2023-08-16'),
(23, 'SUNNY', '', '9528665927', '2311103484', 2, 4, 3, '2006-04-12', '2023-08-16'),
(24, 'SANDEEP', 'DHIMAN', '6397160335', '2311301025', 2, 4, 3, '2004-08-13', '2023-07-18'),
(25, 'DIXIT', 'KUMAR', '9758088161', '231110228', 2, 4, 3, '2006-04-22', '2023-08-01'),
(26, 'ANSHUL', 'KUMAR', '6397045202', '2311103152', 2, 4, 3, '2005-01-05', '2023-08-01'),
(27, 'SAURABH', 'CHAUHAN', '7535089833', '2311201440', 2, 4, 3, '2003-03-19', '2023-08-16'),
(28, 'TANU', '', '9389833809', '2311201154', 2, 4, 3, '2006-07-10', '2023-08-17'),
(29, 'MAYANK', 'SINGH', '8650388885', '2311101256', 2, 4, 3, '2007-06-15', '2023-07-19'),
(30, 'PALLAVI', 'JOSHI', '7351773477', '2311902069', 2, 4, 3, '2006-01-21', '2023-07-21'),
(31, 'ABHAY', 'NEGI', '7017541858', '2311202029', 2, 4, 3, '2005-08-16', '2023-07-19'),
(32, 'PRIYANSHU', 'SEMWAL', '9639978179', '2311301184', 2, 4, 3, '2005-11-11', '2023-08-21'),
(33, 'SANJANA', 'KABSURI', '8630843952', '2311201447', 2, 4, 3, '2005-03-24', '2023-07-21'),
(34, 'SAHITYA', 'KUMAR NAUTIYAL', '6398157825', '2311101059', 2, 4, 3, '2006-08-04', '2023-08-02'),
(35, 'DEVENDRA', 'KUMAR', '6397703901', '2311102036', 2, 4, 3, '2005-05-10', '2023-07-19'),
(36, 'VISHAL', 'KUMAR', '8126756370', '2311102316', 2, 4, 3, '2005-07-16', '2023-07-21'),
(37, 'ADARSH', 'NAUTIYAL', '8979783879', '2311301074', 2, 4, 3, '2007-01-07', '2023-08-04'),
(38, 'SAKSHI', '', '7302284212', '2311201144', 2, 4, 3, '12-03-20205', '2023-07-20'),
(39, 'NAMAN', 'CHAUHAN', '7248431415', '2311501056', 2, 4, 3, '2005-01-18', '2023-08-04'),
(40, 'VANSH', '', '8859566400', '2321223132', 2, 4, 3, '2007-03-12', '2023-09-02'),
(41, 'SACHIT', 'SINGH NEGI', '9634317710', '2311101354', 2, 4, 3, '2007-02-09', '2023-08-05'),
(42, 'PRABHPREET', 'KAUR RAJPUT', '9534866629', '2352344312', 5, 13, 13, '2004-06-15', '2023-08-19'),
(43, 'SWATI', '', '7505541843', '2367985643', 5, 13, 13, '2005-04-01', '2023-08-19'),
(44, 'TANISHA', 'RANI', '8193869223', '2311901945', 5, 13, 13, '2005-01-21', '2023-08-04'),
(45, 'MANISH', 'JWADI', '7017838217', '2311201004', 5, 13, 13, '2005-03-15', '2023-08-03'),
(46, 'AMIT', 'BHATT ', '8077029943', '2311203214', 5, 13, 13, '2003-12-06', '2023-08-03'),
(47, 'MANDEEP', 'RATURI', '9675880570', '2311301019', 5, 13, 13, '2003-01-06', '2023-07-18'),
(48, 'SALONI', '', '8218484284', '2311301027', 5, 13, 13, '2006-12-02', '2023-07-21'),
(49, 'LAXMI', '', '7021891714', '2311301022', 5, 13, 13, '2007-12-21', '2023-07-20'),
(50, 'GAURAV', 'KUMAR', '9690789436', '2311103188', 5, 13, 13, '2005-08-26', '2023-08-02'),
(51, 'DIVYANSHU', 'SINGH', '7060913414', '2311203036', 5, 13, 13, '2005-07-25', '2023-07-20'),
(52, 'SANDEEP', 'SINGH SHAH', '8445057072', '2311401071', 5, 13, 13, '2003-11-16', '2023-07-20'),
(53, 'ANAND', 'SINGH', '7895918038', '2311301147', 5, 13, 13, '2006-02-10', '2023-07-19'),
(54, 'AYUSH', '', '7452039824', '2311301234', 5, 13, 13, '2006-05-04', '2023-07-19'),
(55, 'SONIKA', '', '9758512633', '2311301160', 5, 13, 13, '2004-10-11', '2023-08-03'),
(56, 'HARSH', 'PUNDIR', '7078132422', '2311301047', 5, 13, 13, '2002-11-05', '2023-08-04'),
(57, 'ASHISH', 'NAUDIYAL', '8791437307', '2311301202', 5, 13, 13, '2005-09-12', '2023-07-20'),
(58, 'SURAJ', 'BIJALWAN', '7248159073', '2311301212', 5, 13, 13, '2006-09-02', '2023-07-21'),
(59, 'ADITYA', 'SAKLANI', '8192916208', '2311301072', 5, 13, 13, '2006-04-13', '2023-08-02'),
(60, 'KAJAL', 'RAWAT', '8433009069', '2311301020', 5, 13, 13, '2009-11-11', '2023-08-02'),
(61, 'ASHWIN', 'BAHUGUNA', '8790904216', '2367214365', 5, 13, 13, '2005-12-17', '2023-08-19'),
(62, 'ABHISHEK', 'PANWAR', '9759809570', '2311101576', 5, 13, 13, '2008-04-23', '2023-08-16'),
(63, 'ABHISHEK', 'KUMAR', '8938863079', '2311101560', 5, 13, 13, '2004-07-08', '2023-08-16'),
(64, 'MANDEEP', 'SINGH ', '6396038632', '2311301036', 5, 13, 13, '2006-03-12', '2023-08-16'),
(65, 'LOKESH', 'KUMAR', '9528377078', '2345643123', 5, 13, 13, '2003-03-07', '2023-08-16'),
(66, 'RAM', 'KRISHAN PANDEY', '9548788172', '2311201306', 5, 13, 13, '2004-03-30', '2023-08-16'),
(67, 'SHIVAM', 'BHATT', '7217464327', '2311202223', 5, 13, 13, '2005-10-17', '2023-08-16'),
(68, 'SUHANI', 'RAWAT', '7895612893', '2311204191', 5, 13, 13, '2006-03-03', '2023-05-17'),
(69, 'DEEPAK', 'SAJWAN', '9528328266', '23455675487', 5, 13, 13, '2005-01-01', '2023-08-17'),
(70, 'YOGITA', '', '8869806194', '2435612534', 5, 13, 13, '2006-01-10', '2023-08-16'),
(71, 'NIKHIL', 'SINGH', '9634897407', '2311202436', 5, 13, 13, '2004-07-22', '2023-08-16'),
(72, 'KRISHNA', 'DOGRA', '7017630258', '2312458976', 5, 13, 13, '2007-07-09', '2023-08-21'),
(73, 'KRISHNA', 'VERMA', '7818064210', '2311103268', 5, 13, 13, '2005-09-13', '2023-08-29'),
(74, 'ASHISH', 'RAWAT', '9528503466', '2435734287', 5, 13, 13, '2005-08-18', '2023-08-29'),
(75, 'SAHIL', 'RAWAT', '7088984153', '2346753452', 5, 13, 13, '2006-10-10', '2023-09-01'),
(76, 'AMAN', 'RAWAT', '8006958144', '2354667812', 5, 13, 13, '2003-09-29', '2023-09-04'),
(77, 'SANIYA', '', '8957678585', '2345673434', 5, 13, 13, '2005-10-11', '2023-10-25'),
(78, 'ARJUN', 'KUMAR', '8218524219', '2311702054', 1, 1, 1, '2007-09-08', '2023-08-04'),
(79, 'SANJAY', 'SHAH', '7617575736', '2311301007', 1, 1, 1, '2005-04-20', '2023-07-21'),
(80, 'ASHISH', 'KUMAR', '7895114089', '2311101243', 1, 1, 1, '2002-01-01', '2023-08-16'),
(81, 'SURAJ', '', '8273291974', '2311301214', 1, 1, 1, '2004-03-11', '2023-08-17'),
(82, 'UTKARSH', 'KUMAR', '8273643219', '232323133', 1, 1, 1, '2007-11-09', '2023-08-24'),
(83, 'SUDHANSHU', 'SAINI', '9927707041', '2311103545', 1, 1, 1, '2004-01-01', '2023-07-19'),
(84, 'KARTIK', 'PAL', '7060834459', '2311201272', 1, 1, 1, '2005-02-05', '2023-07-18'),
(85, 'NITIN', '', '9548710887', '2311102393', 1, 1, 1, '2007-07-03', '2023-08-16'),
(86, 'DHEERAJ', 'SINGH PANWAR', '9058288579', '2311404160', 1, 1, 1, '2005-11-14', '2023-07-19'),
(87, 'RAJAT', '', '9548109869', '2311201077', 1, 1, 1, '2008-06-30', '2023-07-21'),
(88, 'KULDEEP', 'AWASTHI', '7078042049', '2311402123', 1, 1, 1, '2004-08-15', '2023-07-20'),
(89, 'MAYANK', 'KUMAR', '7983019163', '2311501149', 1, 1, 1, '2005-04-14', '2023-07-19'),
(90, 'TANU', 'RAWAT', '7060365006', '2311201389', 1, 1, 1, '2005-02-02', '2023-07-20'),
(91, 'SHIVANI', '', '7351897321', '2311202300', 1, 1, 1, '2006-03-11', '20-07-203'),
(92, 'VISHAL', 'KUMAR', '9720659230', '2311102276', 1, 1, 1, '2006-05-02', '2023-07-20'),
(93, 'KANCHAN', 'RANA', '7454981438', '2311301006', 1, 1, 1, '2008-03-15', '2023-07-20'),
(94, 'VIVEK', 'TIWARI', '9985786113', '2311203060', 1, 1, 1, '2007-06-05', '2023-08-16'),
(95, 'PRIYANKA', 'RAJPUT', '7505515463', '2311203061', 1, 1, 1, '2003-06-05', '2023-08-16'),
(96, 'TEJAS', 'KAUSHIK', '7452979047', '2311102076', 1, 1, 1, '2003-03-18', '2023-08-17'),
(97, 'SIYA', '', '9389789608', '2311102078', 1, 1, 1, '2007-04-01', '2023-08-21'),
(98, 'YUVRAJ', 'BAGIYAL', '8393049283', '2311204245', 1, 1, 1, '2005-09-05', '2023-08-24'),
(99, 'AMIT', 'DOGRA', '6398183761', '2311204248', 1, 1, 1, '2004-08-07', '2023-08-24'),
(100, 'VISHAL', 'UPADHYAY', '9389980930', '2311043533', 1, 1, 1, '2005-02-01', '2023-08-28'),
(101, 'AKASH', 'SINGH RAWAT', '8191851605', '2311032323', 1, 1, 1, '2004-03-24', '2023-08-28'),
(102, 'SUHEIL', 'MALIK', '9105042101', '2311103479', 1, 1, 1, '2003-03-03', '2023-08-28'),
(103, 'DIKSHA', '', '8218301909', '2311909212', 1, 1, 1, '2005-04-12', '2023-08-29'),
(104, 'SUMIT', 'SINGH RAWAT', '8392994613', '2311204244', 1, 1, 1, '2006-07-01', '2023-08-28'),
(105, 'VIPIN', 'KUMAR', '7818848400', '2311032323', 1, 1, 1, '2004-12-18', '2023-09-05'),
(106, 'VIPIN', 'CHAUHAN', '7060741695', '2311023323', 1, 1, 1, '2006-01-02', '2023-09-11'),
(107, 'SRESHTH', 'PANT', '8630073588', '2311204125', 6, 16, 7, '2007-11-13', '2023-07-18'),
(108, 'SATYAM', 'KUMAR GAUTAM', '9997496662', '2311201079', 6, 16, 7, '2006-08-22', '1900-01-00'),
(109, 'AKASH', 'CHAUDHARY', '9548850589', '2311203164', 6, 16, 7, '2004-03-07', '2023-08-03'),
(110, 'ANUPAM', 'GUSAIN', '6397541061', '2311103066', 6, 16, 7, '2004-01-29', '2004-01-29'),
(111, 'VIKAS', 'KUMAR', '8006208987', '2311102409', 6, 16, 7, '2005-09-01', '2023-08-02'),
(112, 'SAGAR', 'PUNDIR', '6258479271', '2311301026', 6, 16, 7, '2006-11-09', '2023-08-03'),
(113, 'VIVEK', 'PUNDIR', '8077423045', '231130114', 6, 16, 7, '2006-04-05', '2023-07-20'),
(114, 'KISHAN', 'KUMAR', '6395076287', '2311203048', 6, 16, 7, '2004-12-23', '2023-07-20'),
(115, 'YADHVESH', 'BISHT', '9927164657', '2311201222', 6, 16, 7, '2007-06-11', '2023-08-03'),
(116, 'SUMIT', 'SAGAR', '7895121033', '231432434', 6, 16, 7, '2006-03-03', '2023-08-16'),
(117, 'ABHISHEK', 'KUMAR', '8273725091', '231343324', 6, 16, 7, '2001-02-10', '2023-08-16'),
(118, 'HITEN', 'VERMA', '7417931108', '231134424', 6, 16, 7, '2004-03-01', '2023-08-17'),
(119, 'DIPEN', 'SINGH', '7017418334', '2311301102', 6, 16, 7, '2006-09-05', '2023-08-16'),
(120, 'ADITYA', '', '7830826705', '2311101620', 6, 16, 7, '2006-11-19', '2023-08-16'),
(121, 'AMANJEET', '', '6399927447', '2311103037', 6, 16, 7, '2005-05-10', '2023-08-18'),
(122, 'MAYANK', 'RAWAT', '8445319074', '2311201403', 6, 16, 7, '2004-06-01', '2023-08-16'),
(123, 'SAGAR', 'PANWAR', '7252811342', '2311201074', 6, 16, 7, '2004-10-07', '2023-08-16'),
(124, 'ABHISHEK', '', '6396546001', '231434343', 6, 16, 7, '2001-03-13', '2023-08-14'),
(125, 'DEVANSH', 'PRATAP SINGH', '7818055817', '2311102065', 6, 16, 7, '2005-12-30', '2023-08-16'),
(126, 'KARAN', 'PANDEY', '9042134788', '231143434', 6, 16, 7, '2005-12-15', '2023-08-21'),
(127, 'AVNISH', 'KASHYAP', '7451986915', '231134343', 6, 16, 7, '2004-03-23', '2023-08-21'),
(128, 'DEVANSHU', 'PANDEY', '8445484314', '2311102012', 6, 16, 7, '2002-10-15', '2023-08-22'),
(129, 'PRASHANT', '', '9897543950', '2311135455', 6, 16, 7, '2003-01-26', '2023-08-23'),
(130, 'DENIS', 'CHAMOLI', '79830031212', '2311301077', 6, 16, 7, '2003-04-01', '2023-08-28'),
(131, 'ANURAG', 'LAL', '9634953153', '231143434', 6, 16, 7, '2003-05-10', '2023-08-28'),
(132, 'SHUBHAM', '', '7906039971', '233458345', 6, 16, 7, '2005-02-01', '2023-08-29'),
(133, 'PUSHPRAJ', 'SINGH GUSAIN', '8445041504', '2311502265', 6, 16, 7, '2002-03-15', '2023-08-29'),
(134, 'ANISH', 'KUMAR', '8477952236', '2311103076', 6, 16, 7, '2005-02-05', '2023-09-12'),
(135, 'APOORV', 'SHAH', '8089543345', '2311203451', 6, 16, 7, '', '2023-09-13'),
(136, 'SAGAR', 'AMOLI', '8630375235', '2311201105', 3, 7, 4, '2003-06-10', '2023-07-21'),
(137, 'ANMOL', 'KUMAR', '7302303157', '2311103060', 3, 7, 4, '2007-02-10', '2023-08-02'),
(138, 'NITIN', 'DABRAL', '9458902239', '2311301123', 3, 7, 4, '2007-12-20', '2023-07-20'),
(139, 'MANAN', 'BHATIA', '8859011177', '2311201011', 3, 7, 4, '2006-02-05', '2023-08-02'),
(140, 'GAUTAM', 'PANT', '9568241767', '2311201415', 3, 7, 4, '2005-11-24', '2023-07-21'),
(141, 'RITIK', 'KUMAR', '6396672719', '2311102394', 3, 7, 4, '2006-06-26', '2023-08-19'),
(142, 'ABHISHEK', '', '6398406879', '2311202002', 3, 7, 4, '2005-08-03', '2023-08-21'),
(143, 'ROHIT', 'KUMAR', '9310528334', '231454354', 3, 7, 4, '2004-04-02', '2023-08-28'),
(144, 'SHOUKEEN', '', '6396256296', '2311343544', 3, 7, 4, '2003-03-25', '2023-08-28'),
(145, 'MOMIN', 'ANSARI', '9012572383', '2314133434', 3, 7, 4, '2004-03-20', '2023-08-28'),
(146, 'KRISHNA', 'SONI', '9548829160', '23012500001', 4, 10, 5, '2007-05-31', '03-085-2023'),
(147, 'MANISHA', 'SEMWAL', '6395066806', '23012500002', 4, 10, 5, '2007-04-14', '2023-08-02'),
(148, 'ESHMIT', 'JAGWAN', '9105343479', '23012500003', 4, 10, 5, '2006-11-06', '2023-07-20'),
(149, 'AMIT', 'SINGH', '8279335972', '23012500004', 4, 10, 5, '2004-07-16', '2023-08-02'),
(150, 'FIROJ', 'ALAM', '9149119259', '23012500005', 4, 10, 5, '2004-12-06', '2023-08-03'),
(151, 'KARTIK', 'NEGI', '8077231784', '23012500006', 4, 10, 5, '2007-04-14', '2023-07-19'),
(152, 'AJAY', 'SINGH RANA', '7078426712', '23012500007', 4, 10, 5, '', '2023-09-15'),
(153, 'AASHIKA', 'NEGI', '8445413492', '2331301025', 7, 19, 19, '2001-01-04', '2023-08-29'),
(154, 'ABHILASH', 'BIJLOTI', '8532967561', '233110116', 7, 19, 19, '2001-04-20', '2023-08-02'),
(155, 'ABHISHEK', 'MAHALDAR', '7830700404', '2331901241', 7, 19, 19, '2003-04-11', '2023-07-20'),
(156, 'ADARSH', 'SEMWAL', '7037494009', '2331201180', 7, 19, 19, '2006-01-02', '2023-07-19'),
(157, 'ANISHKA', '', '7060694018', '2331501236', 7, 19, 19, '2006-04-24', '2023-08-19'),
(158, 'ANKIT', 'SEMWAL', '7300709425', '2331401140', 7, 19, 19, '2002-11-13', '2023-08-02'),
(159, 'ANVESHA', '', '7417843084', '2331202113', 7, 19, 19, '2004-12-05', '2023-07-19'),
(160, 'AYUSH', 'NEGI', '7078125580', '2331301141', 7, 19, 19, '2004-02-01', '2023-05-16'),
(161, 'AYUSHI', 'MISHRA', '9690176580', '2331202282', 7, 19, 19, '1999-05-04', '2023-08-03'),
(162, 'DEEPANSHI', 'GAIROLA', '8868935621', '2331301046', 7, 19, 19, '2006-06-16', '2023-08-03'),
(163, 'DIVYANSH', 'MAITHANI', '9548862921', '2331202023', 7, 19, 19, '2006-02-04', '2023-07-19'),
(164, 'DURGA', 'NISHAD', '8869802707', '2331101352', 7, 19, 19, '1997-05-10', '2023-07-20'),
(165, 'GANGA', '', '8439509055', '2331601056', 7, 19, 19, '2005-04-08', '2023-07-21'),
(166, 'GAURAV', 'KUMAR', '7251954072', '2331301020', 7, 19, 19, '2004-06-25', '2023-08-16'),
(167, 'GAURAV', 'NEGI', '8006459037', '2331101075', 7, 19, 19, '2005-02-12', '2023-08-03'),
(168, 'GAURAV', 'RANA', '9927261917', '2331501094', 7, 19, 19, '2017-04-22', '2023-07-20'),
(169, 'KOMAL', 'ATWAL', '8449910709', '2331101123', 7, 19, 19, '2004-12-27', '2023-09-21'),
(170, 'MEENU', '', '9368191515', '2331101135', 7, 19, 19, '1999-07-20', '2023-08-01'),
(171, 'MUKESH', 'SINGH NEGI', '9389102024', '2331301136', 7, 19, 19, '2005-12-14', '2023-08-16'),
(172, 'NAINSI', '', '9368865179', '2331301028', 7, 19, 19, '2004-06-30', '2023-08-16'),
(173, 'NEHA', '', '6397832070', '2331301048', 7, 19, 19, '2007-03-15', '2023-09-13'),
(174, 'NIDHI', 'THAPA', '7761141114', '2331301085', 7, 19, 19, '2006-08-20', '2023-07-21'),
(175, 'NIRMALA', '', '7895066982', '2331301079', 7, 19, 19, '2005-08-05', '2023-08-28'),
(176, 'PRADEEP', 'GUPTA', '7895749120', '2331202163', 7, 19, 19, '1997-11-12', '2023-07-19'),
(177, 'PRIYANSHU', '', '6395326926', '2331501293', 7, 19, 19, '2006-12-09', '2023-07-20'),
(178, 'RAKHEE', '', '7819921889', '2331201018', 7, 19, 19, '2000-08-05', '2023-08-18'),
(179, 'RINKI', '', '2331301083', '2333534354', 7, 19, 19, '2006-09-08', '2023-07-20'),
(180, 'RITIKA', '', '7060772732', '2331501174', 7, 19, 19, '2005-02-01', '2023-08-03'),
(181, 'SABIN', 'RANA', '7906336439', '2331201031', 7, 19, 19, '2006-04-12', '2023-07-19'),
(182, 'SALONI', '', '7467023679', '2331701021', 7, 19, 19, '2006-06-08', '2023-08-04'),
(183, 'SHANKAR', '', '7302128667', '2331301059', 7, 19, 19, '2005-02-05', '2023-07-20'),
(184, 'SHEELA', '', '9458965330', '2331301054', 7, 19, 19, '2006-02-12', '2023-08-16'),
(185, 'SHIVAY', 'BHATT', '9758616330', '2331201257', 7, 19, 19, '2005-05-10', '2023-07-20'),
(186, 'SIYA', '', '9897812902', '2331301069', 7, 19, 19, '2005-06-21', '2023-07-21'),
(187, 'SURAJ', 'SINGH NAKOTI', '9627394368', '2331202242', 7, 19, 19, '2002-02-15', '2023-07-21'),
(188, 'UMASHANKAR', 'MAURYA', '7302340027', '2331701093', 7, 19, 19, '2001-07-05', '2023-07-20'),
(189, 'VANDANA', 'BISHT', '6395913010', '2331301004', 7, 19, 19, '2006-04-16', '2023-08-01'),
(190, 'VARSHA', '', '9870833459', '2331201158', 7, 19, 19, '2002-06-26', '2023-07-21'),
(191, 'VIJAY', '', '7060378719', '2331301073', 7, 19, 19, '2002-06-20', '2023-07-18'),
(192, 'VIJAY', 'SINGH', '8218727154', '2331301066', 7, 19, 19, '1999-07-16', '2023-07-20'),
(193, 'TARUN', 'LAKHERA', '9675959384', '2321801059', 2, 5, 14, '2006-11-20', '2023-08-03'),
(194, 'PRAVEEN', 'PAL', '9760801843', '2321401045', 2, 5, 14, '2001-06-01', '2023-07-20'),
(195, 'AYUSH', 'PANWAR', '8791125679', '2321101282', 2, 5, 14, '2003-07-15', '2023-07-19'),
(196, 'HARSHIT', 'KUMAR', '7505961515', '2321101003', 2, 5, 14, '2002-04-08', '2023-07-19'),
(197, 'ANKUSH', 'RANA', '8979380369', '2321201245', 2, 5, 14, '2003-08-13', '2023-07-20'),
(198, 'SAURAV', 'SILSWAL', '8958010255', '2321201046', 2, 5, 14, '2005-04-07', '2023-07-21'),
(199, 'SAIF', 'ALI', '8709413615', '2321901097', 2, 5, 14, '2006-05-01', '2023-07-21'),
(200, 'ROHIT', 'RANA', '9760968622', '2321201269', 2, 5, 14, '2004-09-05', '2023-08-17'),
(201, 'RISHABH', 'NEGI', '9548763554', '23012120012', 5, 14, 9, '2006-12-02', '2023-07-20'),
(202, 'ASTHA', '', '7351228173', '23012120013', 5, 14, 9, '2006-07-16', '2023-08-21'),
(203, 'RISHABH', 'DABRAL', '7895868979', '23012120014', 5, 14, 9, '2005-07-05', '2023-07-21'),
(204, 'PRACHI', 'DHAMANDA', '6396719366', '23012120016', 5, 14, 9, '2007-01-02', '2023-07-20'),
(205, 'SAKSHAM', 'BHATT', '9368333914', '23012090001', 3, 8, 11, '2004-08-23', '2023-08-19'),
(206, 'ASHUTOSH', 'YADAV', '8755492840', '2321101251', 6, 17, 17, '1998-03-20', '2023-08-04'),
(207, 'SHIVAM', 'AGNIHOTI', '8171691034', '2321201167', 6, 17, 17, '2005-06-08', '2023-08-19'),
(208, 'ABHISHEK', 'BISHT', '9536398993', '2321201102', 6, 17, 17, '2004-02-05', '2023-07-21'),
(209, 'SUDHANSHU', 'BAHUGUNA', '7906774367', '2321201323', 6, 17, 17, '2004-10-15', '2023-08-03'),
(210, 'AKASH', '', '8791895821', '2321201220', 6, 17, 17, '2003-12-20', '2023-08-19'),
(211, 'ABHAY', 'KUMAR GAUTAM', '9186268970', '22012080001', 2, 5, 14, '2003-02-15', '2023-08-28'),
(212, 'ADITYA', 'RATURI', '6255924963', '22012080002', 2, 5, 14, '2007-02-08', '2023-08-28'),
(213, 'ANKITA', 'NAUDIYAL', '9145491749', '22012080003', 2, 5, 14, '2003-12-22', '2023-08-28'),
(214, 'ANKUSH', 'KUMAR', '6715814862', '22012080004', 2, 5, 14, '2001-08-01', '2023-08-28'),
(215, 'ANUBHAV', 'KUMAR', '7763876468', '22012080005', 2, 5, 14, '2002-04-28', '2023-08-28'),
(216, 'ARVIND', 'KUKRETI', '9784856039', '22012080006', 2, 5, 14, '2004-07-12', '2023-08-29'),
(217, 'ASHISH', 'CHAUHAN', '8379440140', '22012080007', 2, 5, 14, '2003-08-25', '2023-08-30'),
(218, 'AYUSH', 'AMOLI', '9418983400', '22012080008', 2, 5, 14, '2005-04-15', '2023-08-31'),
(219, 'AYUSH', 'LOHAN', '6738635131', '22012080009', 2, 5, 14, '2004-05-17', '2023-09-01'),
(220, 'DEEPANSH', 'KAUSHIK', '9041203474', '22012080010', 2, 5, 14, '2005-10-29', '2023-09-02'),
(221, 'DEVANSH', 'SINGH', '9598352811', '22012080011', 2, 5, 14, '2005-10-12', '2023-09-07'),
(222, 'DHEERENDRA', 'SINGH', '8612907298', '22012080012', 2, 5, 14, '2003-12-04', '2023-09-08'),
(223, 'DIGVIJAY', 'BAHUGUNA', '7024456465', '22012080013', 2, 5, 14, '2006-07-08', '2023-09-08'),
(224, 'GAURAV', 'KUMAR', '9666533070', '22012080014', 2, 5, 14, '2007-01-08', '2023-09-08'),
(225, 'GURDEEP', 'JATAV', '6957390608', '22012080015', 2, 5, 14, '2003-12-22', '2023-09-08'),
(226, 'KHUSHI', '', '7167259013', '22012080016', 2, 5, 14, '2003-03-15', '2023-09-08'),
(227, 'PRADUMN', 'KUMAR KASHYAP', '7271443525', '22012080017', 2, 5, 14, '2000-10-15', '2023-09-08'),
(228, 'PRIYA', '', '8971938988', '22012080019', 2, 5, 14, '2006-12-07', '2023-09-08'),
(229, 'PRIYANSHU', 'JOSHI', '6563990735', '22012080020', 2, 5, 14, '2005-04-16', '2023-09-08'),
(230, 'RISHAB', '', '6207602246', '22012080021', 2, 5, 14, '2004-06-22', '2023-09-08'),
(231, 'SAHJAD', 'ALI', '6487946852', '22012080022', 2, 5, 14, '2005-02-08', '2023-09-08'),
(232, 'SAPNA', '', '9230499866', '22012080023', 2, 5, 14, '2004-07-19', '2023-09-09'),
(233, 'SAURABH', 'GUSAIN', '7727907968', '22012080024', 2, 5, 14, '2005-02-15', '2023-09-10'),
(234, 'SAURABH', 'SUYAL', '6740698404', '22012080025', 2, 5, 14, '2005-04-08', '2023-09-11'),
(235, 'SHIVAM', '', '6610413118', '22012080026', 2, 5, 14, '2003-12-23', '2023-09-12'),
(236, 'SHUBHAM', 'BIJALWAN', '9348752511', '22012080027', 2, 5, 14, '2006-01-26', '2023-09-13'),
(237, 'SRISHTI', 'PANDEY', '8025295072', '22012080028', 2, 5, 14, '2006-05-07', '2023-09-14'),
(238, 'SURYAPRAKASH', '', '7962543692', '22012080029', 2, 5, 14, '2005-02-08', '2023-09-15'),
(239, 'SUSHIL', 'RAWAT', '7535743827', '22012080030', 2, 5, 14, '2002-10-31', '2023-09-16'),
(240, 'VIPIN', '', '6299346878', '22012080031', 2, 5, 14, '2005-08-14', '2023-09-16'),
(241, 'VISHESH', 'BHARDWAJ', '8125152290', '22012080033', 2, 5, 14, '2006-07-12', '2023-09-16'),
(242, 'AADARSH', 'KHANDURI', '8434701311', '21012080001', 2, 6, 12, '2005-07-18', '2023-09-12'),
(243, 'AAKASH', 'CHOUDHARY', '8668595158', '21012080002', 2, 6, 12, '2004-10-22', '2023-09-12'),
(244, 'AISHA', 'CHAMOLI', '8054627810', '21012080004', 2, 6, 12, '2004-04-15', '2023-09-12'),
(245, 'AISHWARDHAN', '', '8345209841', '21012080005', 2, 6, 12, '2005-05-09', '2023-09-12'),
(246, 'AMIT', 'RAWAT', '6031538409', '21012080007', 2, 6, 12, '2000-01-31', '2023-09-12'),
(247, 'ANJAY', 'SAHNI', '7835727249', '21012080008', 2, 6, 12, '2005-05-29', '2023-09-13'),
(248, 'ANKUSH', '', '7521729010', '21012080009', 2, 6, 12, '2004-01-28', '2023-09-14'),
(249, 'ANURAG', 'SEMWAL', '7226626507', '21012080011', 2, 6, 12, '2006-04-05', '2023-09-15'),
(250, 'AYUSHI', '', '6354297187', '21012080012', 2, 6, 12, '2003-06-23', '2023-09-15'),
(251, 'DEEPAK', 'SINGH', '6828429153', '21012080013', 2, 6, 12, '2002-09-20', '2023-09-15'),
(252, 'DHAN', 'SINGH GUSAIN', '8147609576', '21012080014', 2, 6, 12, '2004-09-01', '2023-09-15'),
(253, 'HARSH', '', '8779825482', '21012080015', 2, 6, 12, '2003-03-25', '2023-09-15'),
(254, 'JITENDRA', 'KANDIYAL', '8299357846', '21012080016', 2, 6, 12, '2003-09-09', '2023-09-15'),
(255, 'KHUSHI', 'PAINULY', '8972912177', '21012080017', 2, 6, 12, '2003-02-17', '2023-09-15'),
(256, 'LAXMI', 'NEGI', '8431014529', '21012080018', 2, 6, 12, '2002-11-13', '2023-09-15'),
(257, 'MAHAK', 'RAWAT', '6415541873', '21012080019', 2, 6, 12, '2003-09-11', '2023-09-15'),
(258, 'NEERAJ', 'KUMAR', '8049906136', '21012080020', 2, 6, 12, '2004-05-06', '2023-09-15'),
(259, 'PAWAN', 'RAWAT', '7078971351', '21012080021', 2, 6, 12, '2003-03-25', '2023-09-15'),
(260, 'PRATHAM', 'KUMAR', '8770804185', '21012080022', 2, 6, 12, '2004-10-07', '2023-09-16'),
(261, 'PRINCE', 'JAISWAR', '8789994569', '21012080023', 2, 6, 12, '2003-07-23', '2023-09-17'),
(262, 'PRIYA', 'SAINI', '7125270023', '21012080024', 2, 6, 12, '2004-05-01', '2023-09-18'),
(263, 'RAHUL', 'KANDWAL', '6664527249', '21012080025', 2, 6, 12, '2001-08-15', '2023-09-19'),
(264, 'RAJEEV', '', '8087874704', '21012080026', 2, 6, 12, '2004-04-28', '2023-09-20'),
(265, 'RAJKUMAR', 'VERMA', '6662568589', '21012080027', 2, 6, 12, '2004-04-10', '2023-09-21'),
(266, 'RAJVEER', '', '6502063254', '21012080028', 2, 6, 12, '2004-05-10', '2023-09-22'),
(267, 'RITHIK', 'KUMAR SINGH', '6249010159', '21012080029', 2, 6, 12, '2002-08-22', '2023-09-22'),
(268, 'RITIK', 'RANA', '6152082870', '21012080030', 2, 6, 12, '2003-11-17', '2023-09-22'),
(269, 'SUKHDEV', 'PURWAL', '8950105607', '21012080032', 2, 6, 12, '2003-12-10', '2023-09-22'),
(270, 'SUNNY', 'KUMAR', '7961649975', '21012080033', 2, 6, 12, '2005-10-05', '2023-09-22'),
(271, 'SURENDRA', 'KUMAR', '8609798169', '21012080034', 2, 6, 12, '2004-04-20', '2023-09-22'),
(272, 'SWATI', 'ARORA', '6414625053', '21012080035', 2, 6, 12, '2003-11-05', '2023-09-22'),
(273, 'VIJAY', 'SINGH', '7732267744', '21012080037', 2, 6, 12, '2001-10-12', '2023-09-22'),
(274, 'ASHISH', 'THAPLIYAL', '8144883907', '21012090007', 2, 6, 12, '2004-08-10', '2023-09-22'),
(275, 'JAGDISH', 'SINGH', '6086327629', '21012090010', 2, 6, 12, '1997-06-05', '2023-09-22'),
(276, 'SAGAR', 'RAWAT', '8767000183', '21019330043', 2, 6, 12, '2004-07-14', '2023-09-22'),
(277, 'VISHNUKANT', '', '7363797988', '21091020036', 2, 6, 12, '2003-06-11', '2023-09-22'),
(278, 'SHIVANSH', 'SOLANKI', '7086381567', '21163080016', 2, 6, 12, '2004-04-26', '2023-09-22'),
(279, 'ADITYA', 'SINGH RAWAT', '6152811157', '22012082001', 2, 6, 12, '2005-03-05', '2023-09-23'),
(280, 'MANAN', 'CHADDHA', '8123454616', '22012082002', 2, 6, 12, '2004-09-30', '2023-09-24'),
(281, 'MAYANK', 'BIJLWAN', '7038095411', '22012082003', 2, 6, 12, '2004-02-27', '2023-09-25'),
(282, 'MOHIT', 'KUMAR', '7299302117', '22012082004', 2, 6, 12, '2002-12-21', '2023-09-25'),
(283, 'PUSHKAR', 'SINGH', '8909518224', '22012082005', 2, 6, 12, '2005-01-23', '2023-09-25'),
(284, 'SHIVAM', 'BISHT', '8866854444', '22012082006', 2, 6, 12, '2004-07-26', '2023-09-25'),
(285, 'SHUBHAM', '', '7270616784', '22012082007', 2, 6, 12, '2003-08-15', '2023-09-25'),
(286, 'SOMESHWAR', 'RAJBHAR', '7175351589', '22012082008', 2, 6, 12, '2002-12-27', '2023-09-25'),
(287, 'AYUSH', 'TARIYAL', '6691713883', '22012090005', 3, 8, 11, '2006-11-20', '2023-09-28'),
(288, 'BHUVNESH', 'PUROHIT', '6977952311', '22012090006', 3, 8, 11, '2001-06-01', '2023-09-28'),
(289, 'DEEPAK', 'BHATT', '8202173337', '22012090008', 3, 8, 11, '2003-07-15', '2023-09-28'),
(290, 'KANHAIYA', 'KUMAR', '7847996615', '22012090010', 3, 8, 11, '2002-04-08', '2023-09-28'),
(291, 'KARTIK', 'DEVRANI', '8358741478', '22012090011', 3, 8, 11, '2003-08-13', '2023-09-29'),
(292, 'MANISH', 'PRASAD', '8735964094', '22012090012', 3, 8, 11, '2005-04-07', '2023-09-30'),
(293, 'ROSHAN', 'SHAH', '7832395168', '22012090013', 3, 8, 11, '2006-05-01', '2023-10-01'),
(294, 'SHUBHAM', 'MAMGAIN', '8458398187', '22012090014', 3, 8, 11, '2004-09-05', '2023-10-01'),
(295, 'ABHISHEK', 'KULIYAL', '8551375870', '22012090001', 3, 9, 15, '2006-12-02', '2023-10-01'),
(296, 'ABHISHEK', 'SILSWAL', '8937634310', '22012090002', 3, 9, 15, '2006-07-16', '2023-10-01'),
(297, 'AMAN', 'PANT', '7227694733', '22012090004', 3, 9, 15, '2005-07-05', '2023-10-01'),
(298, 'ANANT', 'DHYANI', '7579501434', '22012090005', 3, 9, 15, '2007-01-02', '2023-10-01'),
(299, 'AYUSH', 'GUSAIN', '8417973532', '22012090008', 3, 9, 15, '2004-08-23', '2023-10-01'),
(300, 'DEEPAK', 'KUMAR', '7391704085', '22012090009', 3, 9, 15, '1998-03-20', '2023-10-02'),
(301, 'MANOJ', 'KUMAR MAHTO', '6592925682', '22012090011', 3, 9, 15, '2005-06-08', '2023-10-03'),
(302, 'PRIYA', '', '6256309438', '22012090012', 3, 9, 15, '2004-02-05', '2023-10-04'),
(303, 'SAINTY', 'SAINI', '8889796998', '22012090013', 3, 9, 15, '2004-10-15', '2023-10-04'),
(304, 'SHIVAM', 'BHIST', '8165913318', '22012090014', 3, 9, 15, '2003-12-20', '2023-10-04'),
(305, 'SHIVAM', 'PRASAD', '6785393896', '22012090015', 3, 9, 15, '2003-02-15', '2023-10-04'),
(306, 'VIKAS', 'KUMAR', '8284629277', '22012090017', 3, 9, 15, '2007-02-08', '2023-10-05'),
(307, 'ANUJ', 'SINGH RATHORE', '8109595648', '22012092001', 3, 9, 15, '2003-12-22', '2023-10-06'),
(308, 'AAKASH', 'MUNDHAR', '8542506467', '22012120001', 5, 14, 9, '2001-08-01', '2023-10-05'),
(309, 'AKASH', 'KALURA', '7323885735', '22012120002', 5, 14, 9, '2002-04-28', '2023-10-05'),
(310, 'AKRITI', 'TIWARI', '8662947665', '22012120003', 5, 14, 9, '2004-07-12', '2023-10-05'),
(311, 'AKSHITA', '', '8269950370', '22012120004', 5, 14, 9, '2003-08-25', '2023-10-05'),
(312, 'AMAN', 'BHATT', '8945580695', '22012120005', 5, 14, 9, '2005-04-15', '2023-10-05'),
(313, 'AMISHA', '', '7384143223', '22012120006', 5, 14, 9, '2004-05-17', '2023-10-05'),
(314, 'ANKIT', 'KUMAR', '6659908302', '22012120007', 5, 14, 9, '2005-10-29', '2023-10-05'),
(315, 'ARCHANA', '', '7284786761', '22012120008', 5, 14, 9, '2005-10-12', '2023-10-05'),
(316, 'AYAN', 'SIDDIQUE', '6121465833', '22012120009', 5, 14, 9, '2003-12-04', '2023-10-05'),
(317, 'AYUSHI', '', '8699546999', '22012120010', 5, 14, 9, '2006-07-08', '2023-10-05'),
(318, 'DEVENDRA', 'SINGH RAWAT', '6338864527', '22012120011', 5, 14, 9, '2007-01-08', '2023-10-06'),
(319, 'HARI', 'SINGH PUNDIR', '6536514871', '22012120012', 5, 14, 9, '2002-10-20', '2023-10-07'),
(320, 'HIMANSHU', 'KABSURI', '7588104284', '22012120013', 5, 14, 9, '2006-03-23', '2023-10-08'),
(321, 'HIMANSHU', 'RAWAT', '6244051266', '22012120014', 5, 14, 9, '2006-01-01', '2023-10-08'),
(322, 'JAY ', 'RAWAT', '6703250430', '22012120015', 5, 14, 9, '2005-05-01', '2023-10-08'),
(323, 'LUV', 'BHARTI', '8925193244', '22012120016', 5, 14, 9, '2004-05-27', '2023-10-08'),
(324, 'MOHIT', 'UNIYAL', '7042730581', '22012120017', 5, 14, 9, '2005-08-25', '2023-10-08'),
(325, 'PRIYA', '', '8814474114', '22012120018', 5, 14, 9, '2007-11-14', '2023-10-08'),
(326, 'RAGHAV', 'RATURI', '6247723246', '22012120019', 5, 14, 9, '2005-08-07', '2023-10-08'),
(327, 'RISHABH', 'KUKRETI', '8408504647', '22012120020', 5, 14, 9, '2004-05-04', '2023-10-08'),
(328, 'RITIK', '', '7884033677', '22012120021', 5, 14, 9, '2001-04-19', '2023-10-08'),
(329, 'RITIK', 'PRAKASH NEGI', '8693650928', '22012120022', 5, 14, 9, '2023-07-20', '2023-10-09'),
(330, 'ROHIT', '', '7190180493', '22012120023', 5, 14, 9, '2004-09-15', '2023-10-09'),
(331, 'SAGAR', 'RATURI', '6646468213', '22012120024', 5, 14, 9, '2006-06-09', '2023-10-09'),
(332, 'SAKSHI', 'CHAUHAN', '7075147773', '22012120025', 5, 14, 9, '2006-04-12', '2023-10-09'),
(333, 'SAMEER', 'PUNDIR', '7890454495', '22012120026', 5, 14, 9, '2004-08-13', '2023-10-09'),
(334, 'SHIKHA', '', '6675854292', '22012120027', 5, 14, 9, '2006-04-22', '2023-10-09'),
(335, 'SONAM', '', '8277413094', '22012120028', 5, 14, 9, '2005-01-05', '2023-10-09'),
(336, 'VIKAS', 'SAXENA', '6292018087', '22012120029', 5, 14, 9, '2003-03-19', '2023-10-09'),
(337, 'VIVEK', 'SINGH', '6378370713', '22012120030', 5, 14, 9, '2006-07-10', '2023-10-10'),
(338, 'MANISH', 'KANDARI', '7253973390', '22012120034', 5, 14, 9, '2007-06-15', '2023-10-11'),
(339, 'ABHISHEK', 'NAUTIYAL', '6497790946', '21012120001', 5, 15, 8, '2006-01-21', '2023-10-12'),
(340, 'ADITYA', 'KURIYAL', '6542896988', '21012120002', 5, 15, 8, '2005-08-16', '2023-10-12'),
(341, 'AJAY', 'RAMOLA', '6120851953', '21012120003', 5, 15, 8, '2005-11-11', '2023-10-12'),
(342, 'AKASH', 'KUMAR', '8077891205', '21012120004', 5, 15, 8, '2002-04-11', '2023-10-12'),
(343, 'AMRITAM', 'JUGLAN', '7442133483', '21012120005', 5, 15, 8, '2006-08-04', '2023-10-12'),
(344, 'ANKIT', 'CHAND', '6879732908', '21012120006', 5, 15, 8, '2005-05-10', '2023-10-12'),
(345, 'ANUSHKA', 'SINGH', '7892514027', '21012120007', 5, 15, 8, '2005-07-16', '2023-10-12'),
(346, 'ASHISH', 'ASWAL', '6173777857', '21012120008', 5, 15, 8, '2007-01-07', '2023-10-12'),
(347, 'JITENDRA', 'SINGH KHANDARI', '8505132928', '21012120009', 5, 15, 8, '12-03-20205', '2023-10-12'),
(348, 'NEERAJ', 'RAWAT', '8753397284', '21012120010', 5, 15, 8, '2005-01-18', '2023-10-12'),
(349, 'NIKITA', 'RAWAT', '6074518317', '21012120011', 5, 15, 8, '2007-03-12', '2023-10-12'),
(350, 'PRABHAKAR', 'KUMAR', '6020641308', '21012120012', 5, 15, 8, '2007-02-09', '2023-10-13'),
(351, 'PREETI', 'MISSHEWAN', '8836057926', '21012120013', 5, 15, 8, '2004-06-15', '2023-10-14'),
(352, 'RAJKUMAR', 'YADAV', '6768715663', '21012120014', 5, 15, 8, '2005-04-01', '2023-10-15'),
(353, 'ROHIT', 'SINGH', '8656446225', '21012120015', 5, 15, 8, '2005-01-21', '2023-10-15'),
(354, 'RUDRAKSH', '', '6711138721', '21012120016', 5, 15, 8, '2005-03-15', '2023-10-15'),
(355, 'SANA', 'BANO', '7272715239', '21012120017', 5, 15, 8, '2003-12-06', '2023-10-15'),
(356, 'SANANDAN', 'JAIN', '7293172163', '21012120018', 5, 15, 8, '2003-01-06', '2023-10-15'),
(357, 'SATYAM', 'SAHANI', '7237919405', '21012120019', 5, 15, 8, '2006-12-02', '2023-10-15'),
(358, 'SHAGUN', 'GOLA', '8976959569', '21012120020', 5, 15, 8, '2007-12-21', '2023-10-15'),
(359, 'SHIVANG', 'SEMWAL', '7691000161', '21012120021', 5, 15, 8, '2005-08-26', '2023-10-15'),
(360, 'SUMIT', 'SHARMA', '6701688174', '21012120022', 5, 15, 8, '2005-07-25', '2023-10-15'),
(361, 'SURAJ', 'SINGH RAWAT', '7548333160', '21012120023', 5, 15, 8, '2003-11-16', '2023-10-15'),
(362, 'VASHU', 'KANDWAL', '6487536861', '21012120024', 5, 15, 8, '2002-06-26', '2023-10-15'),
(363, 'ANANT', 'PAL', '7111548043', '21012120025', 5, 15, 8, '2002-06-20', '2023-10-15'),
(364, 'BHANU', '', '6056293307', '21012120026', 5, 15, 8, '1999-07-16', '2023-10-16'),
(365, 'MITUL', 'KUMAR', '6748175878', '21012120027', 5, 15, 8, '2006-11-20', '2023-10-17'),
(366, 'NITISH', 'KOTHIYAL', '7004275431', '21012120028', 5, 15, 8, '2001-06-01', '2023-10-18'),
(367, 'ADITYA', '', '6695433494', '22012162001', 7, 20, 20, '2003-07-15', '2023-10-15'),
(368, 'ABHISHEK', 'SINGH', '7393226332', '22012160001', 7, 20, 20, '2002-04-08', '2023-10-15'),
(369, 'ANEESH', 'GUSAIN', '6248185872', '22012160002', 7, 20, 20, '2003-08-13', '2023-10-15'),
(370, 'ANJALI', 'VERMA', '6919193176', '22012160003', 7, 20, 20, '2005-04-07', '2023-10-15'),
(371, 'ASHISH', '', '8096646239', '22012160004', 7, 20, 20, '2006-05-01', '2023-10-15'),
(372, 'ARNEESH', '', '8187437932', '22012160005', 7, 20, 20, '2004-09-05', '2023-10-15'),
(373, 'BHAWANA', 'MEHER', '7386793679', '22012160006', 7, 20, 20, '2006-12-02', '2023-10-15'),
(374, 'DEVENDRA', 'K- VERMA', '8298754360', '22012160007', 7, 20, 20, '2006-07-16', '2023-10-15'),
(375, 'HIMANSHU', 'PAINULY', '7777036345', '22012160008', 7, 20, 20, '2005-07-05', '2023-10-15'),
(376, 'KAJAL', '', '8592836410', '22012160009', 7, 20, 20, '2007-01-02', '2023-10-15'),
(377, 'KAMLESH', 'RAWAT', '6835058009', '22012160010', 7, 20, 20, '2004-08-23', '2023-10-15'),
(378, 'KHUSHI', 'RATURI', '7389502172', '22012160011', 7, 20, 20, '1998-03-20', '2023-10-15'),
(379, 'KRISHNA', 'PAL SINGH', '6093788609', '22012160012', 7, 20, 20, '2005-06-08', '2023-10-16'),
(380, 'MANISH', '', '7626309211', '22012160013', 7, 20, 20, '2004-02-05', '2023-10-17'),
(381, 'NAVNEET', 'DIVAKAN', '6717932948', '22012160014', 7, 20, 20, '2004-10-15', '2023-10-18'),
(382, 'NIDHI', '', '6263264956', '22012160015', 7, 20, 20, '2003-12-20', '2023-10-19'),
(383, 'PINKI', 'CHAUHAN', '8921016793', '22012160016', 7, 20, 20, '2003-02-15', '2023-10-20'),
(384, 'POONAM', '', '6285533551', '22012160017', 7, 20, 20, '2007-02-08', '2023-10-21'),
(385, 'PRASHANT', 'SHARMA', '8200186081', '22012160018', 7, 20, 20, '2003-12-22', '2023-10-22'),
(386, 'PRAVEEN', 'SINGH', '7016638116', '22012160019', 7, 20, 20, '2001-08-01', '2023-10-23'),
(387, 'RAVINDRA', 'SINGH', '6550466817', '22012160020', 7, 20, 20, '2002-04-28', '2023-10-23'),
(388, 'RISHABH', 'NEGI', '8634989733', '22012160021', 7, 20, 20, '2004-07-12', '2023-10-23'),
(389, 'RITIKA', '', '8847096105', '22012160022', 7, 20, 20, '2003-08-25', '2023-10-23'),
(390, 'RITIKA', 'BAMOLA', '7271191490', '22012160023', 7, 20, 20, '2005-04-15', '2023-10-23'),
(391, 'ROSHINI', '', '8267684192', '22012160024', 7, 20, 20, '2004-05-17', '2023-10-23'),
(392, 'SAHIL', 'SINGH NEGI', '7398841665', '22012160025', 7, 20, 20, '2005-10-29', '2023-10-23'),
(393, 'SAKSHI', 'NEGI', '6302850251', '22012160026', 7, 20, 20, '2005-10-12', '2023-10-23'),
(394, 'SAKSHI', 'NEGI', '8183780540', '22012160027', 7, 20, 20, '2003-12-04', '2023-10-23'),
(395, 'SAKSHI', 'NEGI', '6507059002', '22012160028', 7, 20, 20, '2006-07-08', '2023-10-23'),
(396, 'SEEMA', '', '6440612783', '22012160029', 7, 20, 20, '2007-01-08', '2023-10-23'),
(397, 'SHALINI', 'RANA', '7377875680', '22012160030', 7, 20, 20, '2003-12-22', '2023-10-23'),
(398, 'SHIVANI', 'SHUKLA', '6596769019', '22012160031', 7, 20, 20, '2003-03-15', '2023-10-24'),
(399, 'SHUBHAM', '', '6231826584', '22012160032', 7, 20, 20, '2000-10-15', '2023-10-25'),
(400, 'SUJAL', 'BHATT', '8535908123', '22012160033', 7, 20, 20, '2006-12-07', '2023-10-25'),
(401, 'SURAJ', 'SINGH', '6559312428', '22012160034', 7, 20, 20, '2005-04-16', '2023-10-25'),
(402, 'TANISHA', 'RUPAIN', '7521913855', '22012160035', 7, 20, 20, '2004-06-22', '2023-10-25'),
(403, 'ANCHAL', '', '6533854205', '22012500001', 4, 11, 6, '2005-02-08', '2023-01-28'),
(404, 'ANJALI', 'PUNDIR', '8563697506', '22012500002', 4, 11, 6, '2004-07-19', '2023-01-28'),
(405, 'SHIVANSH', '', '6409192110', '22012500003', 4, 11, 6, '2005-02-15', '2023-01-28'),
(406, 'ANUJ', '', '7122692693', '22012500004', 4, 11, 6, '2005-04-08', '2023-01-28'),
(407, 'GAURAV', 'SAKLANI', '6857793153', '22012500005', 4, 11, 6, '2003-12-23', '2023-01-28'),
(408, 'YASH', 'RAJPUT', '8129332583', '22012500006', 4, 11, 6, '2006-01-26', '2023-01-28'),
(409, 'ARPIT', 'KAINTURA', '8403614818', '22012500007', 4, 11, 6, '2006-05-07', '2023-01-28'),
(410, 'AYUSH', '', '6501551505', '22012500008', 4, 11, 6, '2005-02-08', '2023-01-28'),
(411, 'BHARAT', 'PUNDIR', '8616868787', '22012500009', 4, 11, 6, '2002-10-31', '2023-10-29'),
(412, 'AMIT', 'PUNDIR', '8385119399', '22012500010', 4, 11, 6, '2005-08-14', '2023-10-29'),
(413, 'SHIVANI', 'PUNDIR', '8551340122', '22012500011', 4, 11, 6, '2006-07-12', '2023-10-29'),
(414, 'SHIVANG', 'RATURI', '7401078178', '22012500012', 4, 11, 6, '2005-07-18', '2023-10-29'),
(415, 'SPANA', '', '6665590203', '22012500013', 4, 11, 6, '2004-10-22', '2023-10-29'),
(416, 'VIKAS', '', '7289492356', '22012500014', 4, 11, 6, '2004-04-15', '2023-10-29'),
(417, 'NEERAJ', '', '6821250633', '22012500015', 4, 11, 6, '2005-05-09', '2023-10-29'),
(418, 'SAHIL', 'BHANDARI', '7829518621', '22012500016', 4, 11, 6, '2000-01-31', '2023-10-30'),
(419, 'PRADEEP', '', '7625098476', '22012500017', 4, 11, 6, '2005-05-29', '2023-10-31'),
(420, 'RAJAT', 'PANWAR', '6734067354', '22012500018', 4, 11, 6, '2004-01-28', '2023-11-01');

-- --------------------------------------------------------

--
-- Table structure for table `tblsubject`
--

CREATE TABLE `tblsubject` (
  `Id` int(10) NOT NULL,
  `branchId` int(10) NOT NULL,
  `yearId` int(10) NOT NULL,
  `termId` int(10) NOT NULL,
  `teacherId` int(10) NOT NULL,
  `subjectName` varchar(255) NOT NULL
) ENGINE=InnoDB DEFAULT CHARSET=utf8 COLLATE=utf8_general_ci;

--
-- Dumping data for table `tblsubject`
--

INSERT INTO `tblsubject` (`Id`, `branchId`, `yearId`, `termId`, `teacherId`, `subjectName`) VALUES
(1, 5, 15, 29, 17, 'Java Programming'),
(2, 5, 15, 29, 16, 'Android Application Development'),
(3, 5, 15, 29, 18, 'Software Engineering'),
(4, 5, 15, 29, 3, 'E-Commerce'),
(5, 5, 14, 27, 3, 'Programming in C'),
(6, 5, 14, 27, 16, 'Internet Of Things'),
(7, 5, 14, 27, 17, 'Data Communication'),
(8, 5, 14, 27, 18, 'Operating System'),
(9, 5, 14, 27, 18, 'Office Application'),
(10, 5, 14, 27, 13, 'Digital Techniques'),
(11, 5, 14, 28, 3, 'Data Structure Using C'),
(12, 5, 14, 28, 0, 'Object Oriented Concepts'),
(13, 5, 14, 28, 18, 'Internet and Web Technology'),
(14, 5, 14, 28, 0, 'Relational Database Management System'),
(15, 5, 14, 28, 0, 'Computer System Organization and Architecture'),
(16, 5, 14, 28, 0, 'Computer Network and Security');

-- --------------------------------------------------------

--
-- Table structure for table `tblterm`
--

CREATE TABLE `tblterm` (
  `Id` int(10) NOT NULL,
  `yearId` int(20) NOT NULL,
  `termName` varchar(20) NOT NULL
) ENGINE=InnoDB DEFAULT CHARSET=utf8 COLLATE=utf8_general_ci;

--
-- Dumping data for table `tblterm`
--

INSERT INTO `tblterm` (`Id`, `yearId`, `termName`) VALUES
(1, 1, 'First'),
(2, 1, 'Second'),
(3, 2, 'Third'),
(4, 2, 'Fourth'),
(5, 3, 'Fifth'),
(6, 3, 'Sixth'),
(7, 4, 'First'),
(8, 4, 'Second'),
(9, 5, 'Third'),
(10, 5, 'Fourth'),
(11, 6, 'Fifth'),
(12, 6, 'Sixth'),
(13, 7, 'First'),
(14, 7, 'Second'),
(15, 8, 'Third'),
(16, 8, 'Fourth'),
(17, 9, 'Fifth'),
(18, 9, 'Sixth'),
(19, 10, 'First'),
(20, 10, 'Second'),
(21, 11, 'Third'),
(22, 11, 'Fourth'),
(23, 12, 'Fifth'),
(24, 12, 'Sixth'),
(25, 13, 'First'),
(26, 13, 'Second'),
(27, 14, 'Third'),
(28, 14, 'Fourth'),
(29, 15, 'Fifth'),
(30, 15, 'Sixth'),
(31, 16, 'First'),
(32, 16, 'Second'),
(33, 17, 'Third'),
(34, 17, 'Fourth'),
(35, 18, 'Fifth'),
(36, 18, 'Sixth'),
(37, 19, 'First'),
(38, 20, 'Second');

-- --------------------------------------------------------

--
-- Table structure for table `tblyear`
--

CREATE TABLE `tblyear` (
  `Id` int(10) NOT NULL,
  `branchId` int(10) NOT NULL,
  `yearName` varchar(255) NOT NULL
) ENGINE=InnoDB DEFAULT CHARSET=utf8 COLLATE=utf8_general_ci;

--
-- Dumping data for table `tblyear`
--

INSERT INTO `tblyear` (`Id`, `branchId`, `yearName`) VALUES
(1, 1, 'First'),
(2, 1, 'Second'),
(3, 1, 'Third'),
(4, 2, 'First'),
(5, 2, 'Second'),
(6, 2, 'Third'),
(7, 3, 'First'),
(8, 3, 'Second'),
(9, 3, 'Third'),
(10, 4, 'First'),
(11, 4, 'Second'),
(12, 4, 'Third'),
(13, 5, 'First'),
(14, 5, 'Second'),
(15, 5, 'Third'),
(16, 6, 'First'),
(17, 6, 'Second'),
(18, 6, 'Third'),
(19, 7, 'First'),
(20, 7, 'Second');

--
-- Indexes for dumped tables
--

--
-- Indexes for table `tbladmin`
--
ALTER TABLE `tbladmin`
  ADD PRIMARY KEY (`Id`);

--
-- Indexes for table `tblattendance`
--
ALTER TABLE `tblattendance`
  ADD PRIMARY KEY (`Id`),
  ADD KEY `branchId` (`branchId`),
  ADD KEY `yearId` (`yearId`),
  ADD KEY `sessionTermId` (`sessionTermId`),
  ADD KEY `subjectId` (`subjectId`);

--
-- Indexes for table `tblbranch`
--
ALTER TABLE `tblbranch`
  ADD PRIMARY KEY (`Id`);

--
-- Indexes for table `tblclassteacher`
--
ALTER TABLE `tblclassteacher`
  ADD PRIMARY KEY (`Id`),
  ADD KEY `branchId` (`branchId`),
  ADD KEY `yearId` (`yearId`);

--
-- Indexes for table `tblsessionterm`
--
ALTER TABLE `tblsessionterm`
  ADD PRIMARY KEY (`Id`),
  ADD KEY `termId` (`termId`),
  ADD KEY `branchId` (`branchId`),
  ADD KEY `yearId` (`yearId`);

--
-- Indexes for table `tblstudentregister`
--
ALTER TABLE `tblstudentregister`
  ADD PRIMARY KEY (`Id`),
  ADD KEY `studentId` (`studentId`);

--
-- Indexes for table `tblstudents`
--
ALTER TABLE `tblstudents`
  ADD PRIMARY KEY (`Id`),
  ADD KEY `branchId` (`branchId`),
  ADD KEY `yearId` (`yearId`);

--
-- Indexes for table `tblsubject`
--
ALTER TABLE `tblsubject`
  ADD PRIMARY KEY (`Id`),
  ADD KEY `branchId` (`branchId`),
  ADD KEY `yearId` (`yearId`),
  ADD KEY `termId` (`termId`),
  ADD KEY `teacherId` (`teacherId`);

--
-- Indexes for table `tblterm`
--
ALTER TABLE `tblterm`
  ADD PRIMARY KEY (`Id`),
  ADD KEY `yearId` (`yearId`);

--
-- Indexes for table `tblyear`
--
ALTER TABLE `tblyear`
  ADD PRIMARY KEY (`Id`),
  ADD KEY `branchId` (`branchId`);

--
-- AUTO_INCREMENT for dumped tables
--

--
-- AUTO_INCREMENT for table `tbladmin`
--
ALTER TABLE `tbladmin`
  MODIFY `Id` int(10) NOT NULL AUTO_INCREMENT, AUTO_INCREMENT=2;

--
-- AUTO_INCREMENT for table `tblattendance`
--
ALTER TABLE `tblattendance`
  MODIFY `Id` int(10) NOT NULL AUTO_INCREMENT, AUTO_INCREMENT=295;

--
-- AUTO_INCREMENT for table `tblbranch`
--
ALTER TABLE `tblbranch`
  MODIFY `Id` int(10) NOT NULL AUTO_INCREMENT, AUTO_INCREMENT=10;

--
-- AUTO_INCREMENT for table `tblclassteacher`
--
ALTER TABLE `tblclassteacher`
  MODIFY `Id` int(10) NOT NULL AUTO_INCREMENT, AUTO_INCREMENT=47;

--
-- AUTO_INCREMENT for table `tblsessionterm`
--
ALTER TABLE `tblsessionterm`
  MODIFY `Id` int(10) NOT NULL AUTO_INCREMENT, AUTO_INCREMENT=23;

--
-- AUTO_INCREMENT for table `tblstudentregister`
--
ALTER TABLE `tblstudentregister`
  MODIFY `Id` int(10) NOT NULL AUTO_INCREMENT, AUTO_INCREMENT=11;

--
-- AUTO_INCREMENT for table `tblstudents`
--
ALTER TABLE `tblstudents`
  MODIFY `Id` int(10) NOT NULL AUTO_INCREMENT, AUTO_INCREMENT=449;

--
-- AUTO_INCREMENT for table `tblsubject`
--
ALTER TABLE `tblsubject`
  MODIFY `Id` int(10) NOT NULL AUTO_INCREMENT, AUTO_INCREMENT=17;

--
-- AUTO_INCREMENT for table `tblterm`
--
ALTER TABLE `tblterm`
  MODIFY `Id` int(10) NOT NULL AUTO_INCREMENT, AUTO_INCREMENT=51;

--
-- AUTO_INCREMENT for table `tblyear`
--
ALTER TABLE `tblyear`
  MODIFY `Id` int(10) NOT NULL AUTO_INCREMENT, AUTO_INCREMENT=27;
COMMIT;

/*!40101 SET CHARACTER_SET_CLIENT=@OLD_CHARACTER_SET_CLIENT */;
/*!40101 SET CHARACTER_SET_RESULTS=@OLD_CHARACTER_SET_RESULTS */;
/*!40101 SET COLLATION_CONNECTION=@OLD_COLLATION_CONNECTION */;
